# Blender 4.5.4 LTS
# www.blender.org
o a4
v -0.105000 -0.148500 0.000000
v 0.105000 -0.148500 0.000000
v 0.105000 0.148500 -0.000000
v -0.105000 0.148500 -0.000000
v 0.105000 -0.118800 0.000000
v 0.105000 -0.089100 0.000000
v 0.105000 -0.059400 0.000000
v 0.105000 -0.029700 0.000000
v 0.105000 0.000000 0.000000
v 0.105000 0.029700 -0.000000
v 0.105000 0.059400 -0.000000
v 0.105000 0.089100 -0.000000
v 0.105000 0.118800 -0.000000
v -0.084000 -0.148500 0.000000
v -0.063000 -0.148500 0.000000
v -0.042000 -0.148500 0.000000
v -0.021000 -0.148500 0.000000
v 0.000000 -0.148500 0.000000
v 0.021000 -0.148500 0.000000
v 0.042000 -0.148500 0.000000
v 0.063000 -0.148500 0.000000
v 0.084000 -0.148500 0.000000
v -0.084000 -0.118800 0.000000
v -0.063000 -0.089100 0.000000
v -0.042000 -0.059400 0.000000
v -0.021000 -0.029700 0.000000
v 0.000000 0.000000 0.000000
v 0.021000 0.029700 -0.000000
v 0.042000 0.059400 -0.000000
v 0.063000 0.089100 -0.000000
v 0.084000 0.118800 -0.000000
v 0.084000 0.148500 -0.000000
v 0.063000 0.148500 -0.000000
v 0.042000 0.148500 -0.000000
v 0.021000 0.148500 -0.000000
v 0.000000 0.148500 -0.000000
v -0.021000 0.148500 -0.000000
v -0.042000 0.148500 -0.000000
v -0.063000 0.148500 -0.000000
v -0.084000 0.148500 -0.000000
v -0.105000 -0.118800 0.000000
v -0.105000 -0.089100 0.000000
v -0.105000 -0.059400 0.000000
v -0.105000 -0.029700 0.000000
v -0.105000 0.000000 0.000000
v -0.105000 0.029700 -0.000000
v -0.105000 0.059400 -0.000000
v -0.105000 0.089100 -0.000000
v -0.105000 0.118800 -0.000000
v -0.084000 -0.089100 0.000000
v -0.063000 -0.059400 0.000000
v -0.084000 -0.059400 0.000000
v -0.042000 -0.029700 0.000000
v -0.063000 -0.029700 0.000000
v -0.084000 -0.029700 0.000000
v -0.021000 0.000000 0.000000
v -0.042000 0.000000 0.000000
v -0.063000 0.000000 0.000000
v -0.084000 0.000000 0.000000
v 0.000000 0.029700 -0.000000
v -0.021000 0.029700 -0.000000
v -0.042000 0.029700 -0.000000
v -0.063000 0.029700 -0.000000
v -0.084000 0.029700 -0.000000
v 0.021000 0.059400 -0.000000
v 0.000000 0.059400 -0.000000
v -0.021000 0.059400 -0.000000
v -0.042000 0.059400 -0.000000
v -0.063000 0.059400 -0.000000
v -0.084000 0.059400 -0.000000
v 0.042000 0.089100 -0.000000
v 0.021000 0.089100 -0.000000
v 0.000000 0.089100 -0.000000
v -0.021000 0.089100 -0.000000
v -0.042000 0.089100 -0.000000
v -0.063000 0.089100 -0.000000
v -0.084000 0.089100 -0.000000
v 0.063000 0.118800 -0.000000
v 0.042000 0.118800 -0.000000
v 0.021000 0.118800 -0.000000
v 0.000000 0.118800 -0.000000
v -0.021000 0.118800 -0.000000
v -0.042000 0.118800 -0.000000
v -0.063000 0.118800 -0.000000
v -0.084000 0.118800 -0.000000
v 0.084000 0.089100 -0.000000
v 0.063000 0.059400 -0.000000
v 0.084000 0.059400 -0.000000
v 0.042000 0.029700 -0.000000
v 0.063000 0.029700 -0.000000
v 0.084000 0.029700 -0.000000
v 0.021000 0.000000 0.000000
v 0.042000 0.000000 0.000000
v 0.063000 0.000000 0.000000
v 0.084000 0.000000 0.000000
v 0.000000 -0.029700 0.000000
v 0.021000 -0.029700 0.000000
v 0.042000 -0.029700 0.000000
v 0.063000 -0.029700 0.000000
v 0.084000 -0.029700 0.000000
v -0.021000 -0.059400 0.000000
v 0.000000 -0.059400 0.000000
v 0.021000 -0.059400 0.000000
v 0.042000 -0.059400 0.000000
v 0.063000 -0.059400 0.000000
v 0.084000 -0.059400 0.000000
v -0.042000 -0.089100 0.000000
v -0.021000 -0.089100 0.000000
v 0.000000 -0.089100 0.000000
v 0.021000 -0.089100 0.000000
v 0.042000 -0.089100 0.000000
v 0.063000 -0.089100 0.000000
v 0.084000 -0.089100 0.000000
v -0.063000 -0.118800 0.000000
v -0.042000 -0.118800 0.000000
v -0.021000 -0.118800 0.000000
v 0.000000 -0.118800 0.000000
v 0.021000 -0.118800 0.000000
v 0.042000 -0.118800 0.000000
v 0.063000 -0.118800 0.000000
v 0.084000 -0.118800 0.000000
v -0.073500 -0.103950 0.000000
v -0.084000 -0.103950 0.000000
v -0.073500 -0.118800 0.000000
v 0.084000 0.133650 -0.000000
v 0.094500 0.118800 -0.000000
v 0.094500 0.133650 -0.000000
v -0.105000 -0.133650 0.000000
v -0.094500 -0.148500 0.000000
v -0.094500 -0.133650 0.000000
v -0.052500 -0.074250 0.000000
v -0.042000 -0.074250 0.000000
v -0.052500 -0.059400 0.000000
v -0.063000 -0.074250 0.000000
v -0.052500 -0.089100 0.000000
v -0.010500 -0.014850 0.000000
v 0.000000 -0.014850 0.000000
v -0.010500 0.000000 0.000000
v -0.021000 -0.014850 0.000000
v -0.010500 -0.029700 0.000000
v 0.031500 0.044550 -0.000000
v 0.042000 0.044550 -0.000000
v 0.031500 0.059400 -0.000000
v 0.021000 0.044550 -0.000000
v 0.031500 0.029700 -0.000000
v 0.073500 0.103950 -0.000000
v 0.084000 0.103950 -0.000000
v 0.073500 0.118800 -0.000000
v 0.063000 0.103950 -0.000000
v 0.073500 0.089100 -0.000000
v -0.094500 -0.118800 0.000000
v -0.094500 -0.103950 0.000000
v -0.094500 -0.089100 0.000000
v -0.105000 -0.103950 0.000000
v -0.073500 -0.089100 0.000000
v -0.073500 -0.074250 0.000000
v -0.073500 -0.059400 0.000000
v -0.084000 -0.074250 0.000000
v -0.094500 -0.059400 0.000000
v -0.094500 -0.074250 0.000000
v -0.073500 -0.044550 0.000000
v -0.084000 -0.044550 0.000000
v -0.042000 -0.044550 0.000000
v -0.052500 -0.044550 0.000000
v -0.052500 -0.029700 0.000000
v -0.063000 -0.044550 0.000000
v -0.073500 -0.029700 0.000000
v -0.052500 -0.014850 0.000000
v -0.063000 -0.014850 0.000000
v -0.094500 -0.044550 0.000000
v -0.094500 -0.029700 0.000000
v -0.105000 -0.044550 0.000000
v -0.031500 -0.029700 0.000000
v -0.031500 -0.014850 0.000000
v -0.031500 0.000000 0.000000
v -0.042000 -0.014850 0.000000
v -0.052500 0.000000 0.000000
v -0.094500 -0.014850 0.000000
v -0.105000 -0.014850 0.000000
v -0.073500 -0.014850 0.000000
v -0.073500 0.000000 0.000000
v -0.084000 -0.014850 0.000000
v -0.094500 0.000000 0.000000
v -0.031500 0.014850 -0.000000
v -0.042000 0.014850 -0.000000
v 0.000000 0.014850 -0.000000
v -0.010500 0.014850 -0.000000
v -0.010500 0.029700 -0.000000
v -0.021000 0.014850 -0.000000
v -0.031500 0.029700 -0.000000
v -0.073500 0.014850 -0.000000
v -0.084000 0.014850 -0.000000
v -0.052500 0.014850 -0.000000
v -0.052500 0.029700 -0.000000
v -0.063000 0.014850 -0.000000
v -0.073500 0.029700 -0.000000
v -0.010500 0.044550 -0.000000
v -0.021000 0.044550 -0.000000
v -0.094500 0.014850 -0.000000
v -0.094500 0.029700 -0.000000
v -0.105000 0.014850 -0.000000
v 0.010500 0.029700 -0.000000
v 0.010500 0.044550 -0.000000
v 0.010500 0.059400 -0.000000
v 0.000000 0.044550 -0.000000
v -0.010500 0.059400 -0.000000
v -0.052500 0.044550 -0.000000
v -0.063000 0.044550 -0.000000
v -0.031500 0.044550 -0.000000
v -0.031500 0.059400 -0.000000
v -0.042000 0.044550 -0.000000
v -0.052500 0.059400 -0.000000
v -0.094500 0.044550 -0.000000
v -0.105000 0.044550 -0.000000
v -0.073500 0.044550 -0.000000
v -0.073500 0.059400 -0.000000
v -0.084000 0.044550 -0.000000
v -0.094500 0.059400 -0.000000
v 0.010500 0.074250 -0.000000
v 0.000000 0.074250 -0.000000
v 0.042000 0.074250 -0.000000
v 0.031500 0.074250 -0.000000
v 0.031500 0.089100 -0.000000
v 0.021000 0.074250 -0.000000
v 0.010500 0.089100 -0.000000
v -0.031500 0.074250 -0.000000
v -0.042000 0.074250 -0.000000
v -0.010500 0.074250 -0.000000
v -0.010500 0.089100 -0.000000
v -0.021000 0.074250 -0.000000
v -0.031500 0.089100 -0.000000
v -0.073500 0.074250 -0.000000
v -0.084000 0.074250 -0.000000
v -0.052500 0.074250 -0.000000
v -0.052500 0.089100 -0.000000
v -0.063000 0.074250 -0.000000
v -0.073500 0.089100 -0.000000
v 0.031500 0.103950 -0.000000
v 0.021000 0.103950 -0.000000
v -0.094500 0.074250 -0.000000
v -0.094500 0.089100 -0.000000
v -0.105000 0.074250 -0.000000
v 0.052500 0.089100 -0.000000
v 0.052500 0.103950 -0.000000
v 0.052500 0.118800 -0.000000
v 0.042000 0.103950 -0.000000
v 0.031500 0.118800 -0.000000
v -0.010500 0.103950 -0.000000
v -0.021000 0.103950 -0.000000
v 0.010500 0.103950 -0.000000
v 0.010500 0.118800 -0.000000
v 0.000000 0.103950 -0.000000
v -0.010500 0.118800 -0.000000
v -0.052500 0.103950 -0.000000
v -0.063000 0.103950 -0.000000
v -0.031500 0.103950 -0.000000
v -0.031500 0.118800 -0.000000
v -0.042000 0.103950 -0.000000
v -0.052500 0.118800 -0.000000
v -0.094500 0.103950 -0.000000
v -0.105000 0.103950 -0.000000
v -0.073500 0.103950 -0.000000
v -0.073500 0.118800 -0.000000
v -0.084000 0.103950 -0.000000
v -0.094500 0.118800 -0.000000
v 0.052500 0.133650 -0.000000
v 0.042000 0.133650 -0.000000
v 0.073500 0.133650 -0.000000
v 0.073500 0.148500 -0.000000
v 0.063000 0.133650 -0.000000
v 0.052500 0.148500 -0.000000
v 0.010500 0.133650 -0.000000
v 0.000000 0.133650 -0.000000
v 0.031500 0.133650 -0.000000
v 0.031500 0.148500 -0.000000
v 0.021000 0.133650 -0.000000
v 0.010500 0.148500 -0.000000
v -0.031500 0.133650 -0.000000
v -0.042000 0.133650 -0.000000
v -0.010500 0.133650 -0.000000
v -0.010500 0.148500 -0.000000
v -0.021000 0.133650 -0.000000
v -0.031500 0.148500 -0.000000
v -0.073500 0.133650 -0.000000
v -0.084000 0.133650 -0.000000
v -0.052500 0.133650 -0.000000
v -0.052500 0.148500 -0.000000
v -0.063000 0.133650 -0.000000
v -0.073500 0.148500 -0.000000
v 0.094500 0.074250 -0.000000
v 0.105000 0.074250 -0.000000
v 0.094500 0.089100 -0.000000
v -0.094500 0.133650 -0.000000
v -0.094500 0.148500 -0.000000
v -0.105000 0.133650 -0.000000
v -0.084000 -0.133650 0.000000
v -0.105000 -0.074250 0.000000
v 0.063000 0.074250 -0.000000
v 0.052500 0.074250 -0.000000
v 0.052500 0.059400 -0.000000
v 0.021000 0.014850 -0.000000
v 0.010500 0.014850 -0.000000
v 0.010500 0.000000 0.000000
v -0.021000 -0.044550 0.000000
v -0.031500 -0.044550 0.000000
v -0.031500 -0.059400 0.000000
v -0.063000 -0.103950 0.000000
v 0.094500 0.103950 -0.000000
v 0.105000 0.103950 -0.000000
v 0.073500 0.074250 -0.000000
v 0.073500 0.059400 -0.000000
v 0.084000 0.074250 -0.000000
v 0.094500 0.059400 -0.000000
v 0.073500 0.044550 -0.000000
v 0.084000 0.044550 -0.000000
v 0.052500 0.044550 -0.000000
v 0.052500 0.029700 -0.000000
v 0.063000 0.044550 -0.000000
v 0.073500 0.029700 -0.000000
v 0.052500 0.014850 -0.000000
v 0.063000 0.014850 -0.000000
v 0.094500 0.044550 -0.000000
v 0.094500 0.029700 -0.000000
v 0.105000 0.044550 -0.000000
v 0.031500 0.014850 -0.000000
v 0.031500 0.000000 0.000000
v 0.042000 0.014850 -0.000000
v 0.052500 0.000000 0.000000
v 0.094500 0.014850 -0.000000
v 0.105000 0.014850 -0.000000
v 0.073500 0.014850 -0.000000
v 0.073500 0.000000 0.000000
v 0.084000 0.014850 -0.000000
v 0.094500 0.000000 0.000000
v 0.031500 -0.014850 0.000000
v 0.042000 -0.014850 0.000000
v 0.010500 -0.014850 0.000000
v 0.010500 -0.029700 0.000000
v 0.021000 -0.014850 0.000000
v 0.031500 -0.029700 0.000000
v 0.073500 -0.014850 0.000000
v 0.084000 -0.014850 0.000000
v 0.052500 -0.014850 0.000000
v 0.052500 -0.029700 0.000000
v 0.063000 -0.014850 0.000000
v 0.073500 -0.029700 0.000000
v 0.010500 -0.044550 0.000000
v 0.021000 -0.044550 0.000000
v 0.094500 -0.014850 0.000000
v 0.094500 -0.029700 0.000000
v 0.105000 -0.014850 0.000000
v -0.010500 -0.044550 0.000000
v -0.010500 -0.059400 0.000000
v 0.000000 -0.044550 0.000000
v 0.010500 -0.059400 0.000000
v 0.052500 -0.044550 0.000000
v 0.063000 -0.044550 0.000000
v 0.031500 -0.044550 0.000000
v 0.031500 -0.059400 0.000000
v 0.042000 -0.044550 0.000000
v 0.052500 -0.059400 0.000000
v 0.094500 -0.044550 0.000000
v 0.105000 -0.044550 0.000000
v 0.073500 -0.044550 0.000000
v 0.073500 -0.059400 0.000000
v 0.084000 -0.044550 0.000000
v 0.094500 -0.059400 0.000000
v -0.010500 -0.074250 0.000000
v 0.000000 -0.074250 0.000000
v -0.031500 -0.074250 0.000000
v -0.031500 -0.089100 0.000000
v -0.021000 -0.074250 0.000000
v -0.010500 -0.089100 0.000000
v 0.031500 -0.074250 0.000000
v 0.042000 -0.074250 0.000000
v 0.010500 -0.074250 0.000000
v 0.010500 -0.089100 0.000000
v 0.021000 -0.074250 0.000000
v 0.031500 -0.089100 0.000000
v 0.073500 -0.074250 0.000000
v 0.084000 -0.074250 0.000000
v 0.052500 -0.074250 0.000000
v 0.052500 -0.089100 0.000000
v 0.063000 -0.074250 0.000000
v 0.073500 -0.089100 0.000000
v -0.031500 -0.103950 0.000000
v -0.021000 -0.103950 0.000000
v 0.094500 -0.074250 0.000000
v 0.094500 -0.089100 0.000000
v 0.105000 -0.074250 0.000000
v -0.052500 -0.103950 0.000000
v -0.052500 -0.118800 0.000000
v -0.042000 -0.103950 0.000000
v -0.031500 -0.118800 0.000000
v 0.010500 -0.103950 0.000000
v 0.021000 -0.103950 0.000000
v -0.010500 -0.103950 0.000000
v -0.010500 -0.118800 0.000000
v 0.000000 -0.103950 0.000000
v 0.010500 -0.118800 0.000000
v 0.052500 -0.103950 0.000000
v 0.063000 -0.103950 0.000000
v 0.031500 -0.103950 0.000000
v 0.031500 -0.118800 0.000000
v 0.042000 -0.103950 0.000000
v 0.052500 -0.118800 0.000000
v 0.094500 -0.103950 0.000000
v 0.105000 -0.103950 0.000000
v 0.073500 -0.103950 0.000000
v 0.073500 -0.118800 0.000000
v 0.084000 -0.103950 0.000000
v 0.094500 -0.118800 0.000000
v -0.052500 -0.133650 0.000000
v -0.042000 -0.133650 0.000000
v -0.073500 -0.133650 0.000000
v -0.073500 -0.148500 0.000000
v -0.063000 -0.133650 0.000000
v -0.052500 -0.148500 0.000000
v -0.010500 -0.133650 0.000000
v 0.000000 -0.133650 0.000000
v -0.031500 -0.133650 0.000000
v -0.031500 -0.148500 0.000000
v -0.021000 -0.133650 0.000000
v -0.010500 -0.148500 0.000000
v 0.031500 -0.133650 0.000000
v 0.042000 -0.133650 0.000000
v 0.010500 -0.133650 0.000000
v 0.010500 -0.148500 0.000000
v 0.021000 -0.133650 0.000000
v 0.031500 -0.148500 0.000000
v 0.073500 -0.133650 0.000000
v 0.084000 -0.133650 0.000000
v 0.052500 -0.133650 0.000000
v 0.052500 -0.148500 0.000000
v 0.063000 -0.133650 0.000000
v 0.073500 -0.148500 0.000000
v 0.094500 -0.133650 0.000000
v 0.094500 -0.148500 0.000000
v 0.105000 -0.133650 0.000000
v 0.105000 0.133650 -0.000000
v 0.094500 0.148500 -0.000000
v -0.068250 -0.111375 0.000000
v -0.084000 -0.096525 0.000000
v -0.068250 -0.118800 0.000000
v 0.084000 0.141075 -0.000000
v 0.089250 0.118800 -0.000000
v 0.089250 0.141075 -0.000000
v -0.105000 -0.126225 0.000000
v -0.089250 -0.148500 0.000000
v -0.099750 -0.126225 0.000000
v -0.047250 -0.081675 0.000000
v -0.042000 -0.081675 0.000000
v -0.057750 -0.059400 0.000000
v -0.063000 -0.066825 0.000000
v -0.047250 -0.089100 0.000000
v -0.005250 -0.022275 0.000000
v 0.000000 -0.022275 0.000000
v -0.015750 0.000000 0.000000
v -0.021000 -0.007425 0.000000
v -0.005250 -0.029700 0.000000
v 0.036750 0.037125 -0.000000
v 0.042000 0.037125 -0.000000
v 0.026250 0.059400 -0.000000
v 0.021000 0.051975 -0.000000
v 0.036750 0.029700 -0.000000
v 0.078750 0.096525 -0.000000
v 0.084000 0.096525 -0.000000
v 0.068250 0.118800 -0.000000
v 0.063000 0.111375 -0.000000
v 0.078750 0.089100 -0.000000
v -0.099750 -0.118800 0.000000
v -0.089250 -0.096525 0.000000
v -0.089250 -0.089100 0.000000
v -0.105000 -0.096525 0.000000
v -0.078750 -0.089100 0.000000
v -0.068250 -0.066825 0.000000
v -0.078750 -0.059400 0.000000
v -0.084000 -0.066825 0.000000
v -0.089250 -0.059400 0.000000
v -0.089250 -0.081675 0.000000
v -0.078750 -0.037125 0.000000
v -0.084000 -0.037125 0.000000
v -0.042000 -0.037125 0.000000
v -0.047250 -0.037125 0.000000
v -0.057750 -0.029700 0.000000
v -0.063000 -0.037125 0.000000
v -0.078750 -0.029700 0.000000
v -0.057750 -0.007425 0.000000
v -0.063000 -0.007425 0.000000
v -0.089250 -0.037125 0.000000
v -0.089250 -0.029700 0.000000
v -0.105000 -0.037125 0.000000
v -0.036750 -0.029700 0.000000
v -0.026250 -0.007425 0.000000
v -0.036750 0.000000 0.000000
v -0.042000 -0.007425 0.000000
v -0.057750 0.000000 0.000000
v -0.089250 -0.022275 0.000000
v -0.105000 -0.007425 0.000000
v -0.068250 -0.007425 0.000000
v -0.078750 0.000000 0.000000
v -0.084000 -0.007425 0.000000
v -0.089250 0.000000 0.000000
v -0.036750 0.022275 -0.000000
v -0.042000 0.022275 -0.000000
v 0.000000 0.022275 -0.000000
v -0.005250 0.022275 -0.000000
v -0.015750 0.029700 -0.000000
v -0.021000 0.022275 -0.000000
v -0.036750 0.029700 -0.000000
v -0.078750 0.022275 -0.000000
v -0.084000 0.022275 -0.000000
v -0.047250 0.022275 -0.000000
v -0.057750 0.029700 -0.000000
v -0.063000 0.022275 -0.000000
v -0.078750 0.029700 -0.000000
v -0.015750 0.051975 -0.000000
v -0.021000 0.051975 -0.000000
v -0.089250 0.022275 -0.000000
v -0.089250 0.029700 -0.000000
v -0.105000 0.022275 -0.000000
v 0.005250 0.029700 -0.000000
v 0.015750 0.051975 -0.000000
v 0.005250 0.059400 -0.000000
v 0.000000 0.051975 -0.000000
v -0.015750 0.059400 -0.000000
v -0.057750 0.051975 -0.000000
v -0.063000 0.051975 -0.000000
v -0.026250 0.051975 -0.000000
v -0.036750 0.059400 -0.000000
v -0.042000 0.051975 -0.000000
v -0.057750 0.059400 -0.000000
v -0.089250 0.037125 -0.000000
v -0.105000 0.051975 -0.000000
v -0.068250 0.051975 -0.000000
v -0.078750 0.059400 -0.000000
v -0.084000 0.051975 -0.000000
v -0.089250 0.059400 -0.000000
v 0.005250 0.081675 -0.000000
v 0.000000 0.081675 -0.000000
v 0.042000 0.081675 -0.000000
v 0.036750 0.081675 -0.000000
v 0.026250 0.089100 -0.000000
v 0.021000 0.081675 -0.000000
v 0.005250 0.089100 -0.000000
v -0.036750 0.081675 -0.000000
v -0.042000 0.081675 -0.000000
v -0.005250 0.081675 -0.000000
v -0.015750 0.089100 -0.000000
v -0.021000 0.081675 -0.000000
v -0.036750 0.089100 -0.000000
v -0.078750 0.081675 -0.000000
v -0.084000 0.081675 -0.000000
v -0.047250 0.081675 -0.000000
v -0.057750 0.089100 -0.000000
v -0.063000 0.081675 -0.000000
v -0.078750 0.089100 -0.000000
v 0.026250 0.111375 -0.000000
v 0.021000 0.111375 -0.000000
v -0.089250 0.081675 -0.000000
v -0.089250 0.089100 -0.000000
v -0.105000 0.081675 -0.000000
v 0.047250 0.089100 -0.000000
v 0.057750 0.111375 -0.000000
v 0.047250 0.118800 -0.000000
v 0.042000 0.111375 -0.000000
v 0.026250 0.118800 -0.000000
v -0.015750 0.111375 -0.000000
v -0.021000 0.111375 -0.000000
v 0.015750 0.111375 -0.000000
v 0.005250 0.118800 -0.000000
v 0.000000 0.111375 -0.000000
v -0.015750 0.118800 -0.000000
v -0.057750 0.111375 -0.000000
v -0.063000 0.111375 -0.000000
v -0.026250 0.111375 -0.000000
v -0.036750 0.118800 -0.000000
v -0.042000 0.111375 -0.000000
v -0.057750 0.118800 -0.000000
v -0.089250 0.096525 -0.000000
v -0.105000 0.111375 -0.000000
v -0.068250 0.111375 -0.000000
v -0.078750 0.118800 -0.000000
v -0.084000 0.111375 -0.000000
v -0.089250 0.118800 -0.000000
v 0.057750 0.126225 -0.000000
v 0.042000 0.126225 -0.000000
v 0.068250 0.126225 -0.000000
v 0.068250 0.148500 -0.000000
v 0.063000 0.126225 -0.000000
v 0.047250 0.148500 -0.000000
v 0.015750 0.126225 -0.000000
v 0.000000 0.126225 -0.000000
v 0.026250 0.126225 -0.000000
v 0.026250 0.148500 -0.000000
v 0.021000 0.126225 -0.000000
v 0.005250 0.148500 -0.000000
v -0.026250 0.126225 -0.000000
v -0.042000 0.126225 -0.000000
v -0.015750 0.126225 -0.000000
v -0.015750 0.148500 -0.000000
v -0.021000 0.126225 -0.000000
v -0.036750 0.148500 -0.000000
v -0.068250 0.126225 -0.000000
v -0.084000 0.126225 -0.000000
v -0.057750 0.126225 -0.000000
v -0.057750 0.148500 -0.000000
v -0.063000 0.126225 -0.000000
v -0.078750 0.148500 -0.000000
v 0.089250 0.081675 -0.000000
v 0.105000 0.081675 -0.000000
v 0.089250 0.089100 -0.000000
v -0.099750 0.126225 -0.000000
v -0.089250 0.148500 -0.000000
v -0.105000 0.126225 -0.000000
v -0.084000 -0.126225 0.000000
v -0.105000 -0.066825 0.000000
v 0.063000 0.066825 -0.000000
v 0.057750 0.066825 -0.000000
v 0.057750 0.059400 -0.000000
v 0.021000 0.007425 -0.000000
v 0.015750 0.007425 -0.000000
v 0.015750 0.000000 0.000000
v -0.021000 -0.051975 0.000000
v -0.026250 -0.051975 0.000000
v -0.026250 -0.059400 0.000000
v -0.063000 -0.111375 0.000000
v 0.089250 0.096525 -0.000000
v 0.105000 0.111375 -0.000000
v 0.068250 0.066825 -0.000000
v 0.078750 0.059400 -0.000000
v 0.084000 0.066825 -0.000000
v 0.089250 0.059400 -0.000000
v 0.078750 0.037125 -0.000000
v 0.084000 0.037125 -0.000000
v 0.047250 0.037125 -0.000000
v 0.057750 0.029700 -0.000000
v 0.063000 0.037125 -0.000000
v 0.078750 0.029700 -0.000000
v 0.057750 0.007425 -0.000000
v 0.063000 0.007425 -0.000000
v 0.089250 0.037125 -0.000000
v 0.089250 0.029700 -0.000000
v 0.105000 0.051975 -0.000000
v 0.026250 0.007425 -0.000000
v 0.036750 0.000000 0.000000
v 0.042000 0.007425 -0.000000
v 0.057750 0.000000 0.000000
v 0.089250 0.022275 -0.000000
v 0.105000 0.022275 -0.000000
v 0.068250 0.007425 -0.000000
v 0.078750 0.000000 0.000000
v 0.084000 0.007425 -0.000000
v 0.089250 0.000000 0.000000
v 0.036750 -0.022275 0.000000
v 0.042000 -0.022275 0.000000
v 0.005250 -0.022275 0.000000
v 0.015750 -0.029700 0.000000
v 0.021000 -0.022275 0.000000
v 0.036750 -0.029700 0.000000
v 0.078750 -0.022275 0.000000
v 0.084000 -0.022275 0.000000
v 0.047250 -0.022275 0.000000
v 0.057750 -0.029700 0.000000
v 0.063000 -0.022275 0.000000
v 0.078750 -0.029700 0.000000
v 0.015750 -0.051975 0.000000
v 0.021000 -0.051975 0.000000
v 0.089250 -0.022275 0.000000
v 0.089250 -0.029700 0.000000
v 0.105000 -0.007425 0.000000
v -0.015750 -0.051975 0.000000
v -0.005250 -0.059400 0.000000
v 0.000000 -0.051975 0.000000
v 0.015750 -0.059400 0.000000
v 0.057750 -0.051975 0.000000
v 0.063000 -0.051975 0.000000
v 0.026250 -0.051975 0.000000
v 0.036750 -0.059400 0.000000
v 0.042000 -0.051975 0.000000
v 0.057750 -0.059400 0.000000
v 0.089250 -0.037125 0.000000
v 0.105000 -0.037125 0.000000
v 0.068250 -0.051975 0.000000
v 0.078750 -0.059400 0.000000
v 0.084000 -0.051975 0.000000
v 0.089250 -0.059400 0.000000
v -0.005250 -0.081675 0.000000
v 0.000000 -0.081675 0.000000
v -0.036750 -0.081675 0.000000
v -0.026250 -0.089100 0.000000
v -0.021000 -0.081675 0.000000
v -0.005250 -0.089100 0.000000
v 0.036750 -0.081675 0.000000
v 0.042000 -0.081675 0.000000
v 0.005250 -0.081675 0.000000
v 0.015750 -0.089100 0.000000
v 0.021000 -0.081675 0.000000
v 0.036750 -0.089100 0.000000
v 0.078750 -0.081675 0.000000
v 0.084000 -0.081675 0.000000
v 0.047250 -0.081675 0.000000
v 0.057750 -0.089100 0.000000
v 0.063000 -0.081675 0.000000
v 0.078750 -0.089100 0.000000
v -0.026250 -0.111375 0.000000
v -0.021000 -0.111375 0.000000
v 0.089250 -0.081675 0.000000
v 0.089250 -0.089100 0.000000
v 0.105000 -0.066825 0.000000
v -0.057750 -0.111375 0.000000
v -0.047250 -0.118800 0.000000
v -0.042000 -0.111375 0.000000
v -0.026250 -0.118800 0.000000
v 0.015750 -0.111375 0.000000
v 0.021000 -0.111375 0.000000
v -0.015750 -0.111375 0.000000
v -0.005250 -0.118800 0.000000
v 0.000000 -0.111375 0.000000
v 0.015750 -0.118800 0.000000
v 0.057750 -0.111375 0.000000
v 0.063000 -0.111375 0.000000
v 0.026250 -0.111375 0.000000
v 0.036750 -0.118800 0.000000
v 0.042000 -0.111375 0.000000
v 0.057750 -0.118800 0.000000
v 0.089250 -0.096525 0.000000
v 0.105000 -0.096525 0.000000
v 0.068250 -0.111375 0.000000
v 0.078750 -0.118800 0.000000
v 0.084000 -0.111375 0.000000
v 0.089250 -0.118800 0.000000
v -0.057750 -0.126225 0.000000
v -0.042000 -0.126225 0.000000
v -0.068250 -0.126225 0.000000
v -0.068250 -0.148500 0.000000
v -0.063000 -0.126225 0.000000
v -0.047250 -0.148500 0.000000
v -0.015750 -0.126225 0.000000
v 0.000000 -0.126225 0.000000
v -0.026250 -0.126225 0.000000
v -0.026250 -0.148500 0.000000
v -0.021000 -0.126225 0.000000
v -0.005250 -0.148500 0.000000
v 0.026250 -0.126225 0.000000
v 0.042000 -0.126225 0.000000
v 0.015750 -0.126225 0.000000
v 0.015750 -0.148500 0.000000
v 0.021000 -0.126225 0.000000
v 0.036750 -0.148500 0.000000
v 0.068250 -0.126225 0.000000
v 0.084000 -0.126225 0.000000
v 0.057750 -0.126225 0.000000
v 0.057750 -0.148500 0.000000
v 0.063000 -0.126225 0.000000
v 0.078750 -0.148500 0.000000
v 0.089250 -0.141075 0.000000
v 0.089250 -0.148500 0.000000
v 0.105000 -0.126225 0.000000
v 0.105000 0.126225 -0.000000
v 0.089250 0.148500 -0.000000
v -0.078750 -0.096525 0.000000
v -0.084000 -0.111375 0.000000
v -0.078750 -0.118800 0.000000
v 0.084000 0.126225 -0.000000
v 0.099750 0.118800 -0.000000
v 0.099750 0.126225 -0.000000
v -0.105000 -0.141075 0.000000
v -0.099750 -0.148500 0.000000
v -0.089250 -0.141075 0.000000
v -0.057750 -0.066825 0.000000
v -0.042000 -0.066825 0.000000
v -0.047250 -0.059400 0.000000
v -0.063000 -0.081675 0.000000
v -0.057750 -0.089100 0.000000
v -0.015750 -0.007425 0.000000
v 0.000000 -0.007425 0.000000
v -0.005250 0.000000 0.000000
v -0.021000 -0.022275 0.000000
v -0.015750 -0.029700 0.000000
v 0.026250 0.051975 -0.000000
v 0.042000 0.051975 -0.000000
v 0.036750 0.059400 -0.000000
v 0.021000 0.037125 -0.000000
v 0.026250 0.029700 -0.000000
v 0.068250 0.111375 -0.000000
v 0.084000 0.111375 -0.000000
v 0.078750 0.118800 -0.000000
v 0.063000 0.096525 -0.000000
v 0.068250 0.089100 -0.000000
v -0.089250 -0.118800 0.000000
v -0.099750 -0.111375 0.000000
v -0.099750 -0.089100 0.000000
v -0.105000 -0.111375 0.000000
v -0.068250 -0.089100 0.000000
v -0.078750 -0.081675 0.000000
v -0.068250 -0.059400 0.000000
v -0.084000 -0.081675 0.000000
v -0.099750 -0.059400 0.000000
v -0.099750 -0.066825 0.000000
v -0.068250 -0.051975 0.000000
v -0.084000 -0.051975 0.000000
v -0.042000 -0.051975 0.000000
v -0.057750 -0.051975 0.000000
v -0.047250 -0.029700 0.000000
v -0.063000 -0.051975 0.000000
v -0.068250 -0.029700 0.000000
v -0.047250 -0.022275 0.000000
v -0.063000 -0.022275 0.000000
v -0.099750 -0.051975 0.000000
v -0.099750 -0.029700 0.000000
v -0.105000 -0.051975 0.000000
v -0.026250 -0.029700 0.000000
v -0.036750 -0.022275 0.000000
v -0.026250 0.000000 0.000000
v -0.042000 -0.022275 0.000000
v -0.047250 0.000000 0.000000
v -0.099750 -0.007425 0.000000
v -0.105000 -0.022275 0.000000
v -0.078750 -0.022275 0.000000
v -0.068250 0.000000 0.000000
v -0.084000 -0.022275 0.000000
v -0.099750 0.000000 0.000000
v -0.026250 0.007425 -0.000000
v -0.042000 0.007425 -0.000000
v 0.000000 0.007425 -0.000000
v -0.015750 0.007425 -0.000000
v -0.005250 0.029700 -0.000000
v -0.021000 0.007425 -0.000000
v -0.026250 0.029700 -0.000000
v -0.068250 0.007425 -0.000000
v -0.084000 0.007425 -0.000000
v -0.057750 0.007425 -0.000000
v -0.047250 0.029700 -0.000000
v -0.063000 0.007425 -0.000000
v -0.068250 0.029700 -0.000000
v -0.005250 0.037125 -0.000000
v -0.021000 0.037125 -0.000000
v -0.099750 0.007425 -0.000000
v -0.099750 0.029700 -0.000000
v -0.105000 0.007425 -0.000000
v 0.015750 0.029700 -0.000000
v 0.005250 0.037125 -0.000000
v 0.015750 0.059400 -0.000000
v 0.000000 0.037125 -0.000000
v -0.005250 0.059400 -0.000000
v -0.047250 0.037125 -0.000000
v -0.063000 0.037125 -0.000000
v -0.036750 0.037125 -0.000000
v -0.026250 0.059400 -0.000000
v -0.042000 0.037125 -0.000000
v -0.047250 0.059400 -0.000000
v -0.099750 0.051975 -0.000000
v -0.105000 0.037125 -0.000000
v -0.078750 0.037125 -0.000000
v -0.068250 0.059400 -0.000000
v -0.084000 0.037125 -0.000000
v -0.099750 0.059400 -0.000000
v 0.015750 0.066825 -0.000000
v 0.000000 0.066825 -0.000000
v 0.042000 0.066825 -0.000000
v 0.026250 0.066825 -0.000000
v 0.036750 0.089100 -0.000000
v 0.021000 0.066825 -0.000000
v 0.015750 0.089100 -0.000000
v -0.026250 0.066825 -0.000000
v -0.042000 0.066825 -0.000000
v -0.015750 0.066825 -0.000000
v -0.005250 0.089100 -0.000000
v -0.021000 0.066825 -0.000000
v -0.026250 0.089100 -0.000000
v -0.068250 0.066825 -0.000000
v -0.084000 0.066825 -0.000000
v -0.057750 0.066825 -0.000000
v -0.047250 0.089100 -0.000000
v -0.063000 0.066825 -0.000000
v -0.068250 0.089100 -0.000000
v 0.036750 0.096525 -0.000000
v 0.021000 0.096525 -0.000000
v -0.099750 0.066825 -0.000000
v -0.099750 0.089100 -0.000000
v -0.105000 0.066825 -0.000000
v 0.057750 0.089100 -0.000000
v 0.047250 0.096525 -0.000000
v 0.057750 0.118800 -0.000000
v 0.042000 0.096525 -0.000000
v 0.036750 0.118800 -0.000000
v -0.005250 0.096525 -0.000000
v -0.021000 0.096525 -0.000000
v 0.005250 0.096525 -0.000000
v 0.015750 0.118800 -0.000000
v 0.000000 0.096525 -0.000000
v -0.005250 0.118800 -0.000000
v -0.047250 0.096525 -0.000000
v -0.063000 0.096525 -0.000000
v -0.036750 0.096525 -0.000000
v -0.026250 0.118800 -0.000000
v -0.042000 0.096525 -0.000000
v -0.047250 0.118800 -0.000000
v -0.099750 0.111375 -0.000000
v -0.105000 0.096525 -0.000000
v -0.078750 0.096525 -0.000000
v -0.068250 0.118800 -0.000000
v -0.084000 0.096525 -0.000000
v -0.099750 0.118800 -0.000000
v 0.047250 0.141075 -0.000000
v 0.042000 0.141075 -0.000000
v 0.078750 0.141075 -0.000000
v 0.078750 0.148500 -0.000000
v 0.063000 0.141075 -0.000000
v 0.057750 0.148500 -0.000000
v 0.005250 0.141075 -0.000000
v 0.000000 0.141075 -0.000000
v 0.036750 0.141075 -0.000000
v 0.036750 0.148500 -0.000000
v 0.021000 0.141075 -0.000000
v 0.015750 0.148500 -0.000000
v -0.036750 0.141075 -0.000000
v -0.042000 0.141075 -0.000000
v -0.005250 0.141075 -0.000000
v -0.005250 0.148500 -0.000000
v -0.021000 0.141075 -0.000000
v -0.026250 0.148500 -0.000000
v -0.078750 0.141075 -0.000000
v -0.084000 0.141075 -0.000000
v -0.047250 0.141075 -0.000000
v -0.047250 0.148500 -0.000000
v -0.063000 0.141075 -0.000000
v -0.068250 0.148500 -0.000000
v 0.099750 0.066825 -0.000000
v 0.105000 0.066825 -0.000000
v 0.099750 0.089100 -0.000000
v -0.089250 0.141075 -0.000000
v -0.099750 0.148500 -0.000000
v -0.105000 0.141075 -0.000000
v -0.084000 -0.141075 0.000000
v -0.105000 -0.081675 0.000000
v 0.063000 0.081675 -0.000000
v 0.047250 0.081675 -0.000000
v 0.047250 0.059400 -0.000000
v 0.021000 0.022275 -0.000000
v 0.005250 0.022275 -0.000000
v 0.005250 0.000000 0.000000
v -0.021000 -0.037125 0.000000
v -0.036750 -0.037125 0.000000
v -0.036750 -0.059400 0.000000
v -0.063000 -0.096525 0.000000
v 0.099750 0.111375 -0.000000
v 0.105000 0.096525 -0.000000
v 0.078750 0.081675 -0.000000
v 0.068250 0.059400 -0.000000
v 0.084000 0.081675 -0.000000
v 0.099750 0.059400 -0.000000
v 0.068250 0.051975 -0.000000
v 0.084000 0.051975 -0.000000
v 0.057750 0.051975 -0.000000
v 0.047250 0.029700 -0.000000
v 0.063000 0.051975 -0.000000
v 0.068250 0.029700 -0.000000
v 0.047250 0.022275 -0.000000
v 0.063000 0.022275 -0.000000
v 0.099750 0.051975 -0.000000
v 0.099750 0.029700 -0.000000
v 0.105000 0.037125 -0.000000
v 0.036750 0.022275 -0.000000
v 0.026250 0.000000 0.000000
v 0.042000 0.022275 -0.000000
v 0.047250 0.000000 0.000000
v 0.099750 0.007425 -0.000000
v 0.105000 0.007425 -0.000000
v 0.078750 0.022275 -0.000000
v 0.068250 0.000000 0.000000
v 0.084000 0.022275 -0.000000
v 0.099750 0.000000 0.000000
v 0.026250 -0.007425 0.000000
v 0.042000 -0.007425 0.000000
v 0.015750 -0.007425 0.000000
v 0.005250 -0.029700 0.000000
v 0.021000 -0.007425 0.000000
v 0.026250 -0.029700 0.000000
v 0.068250 -0.007425 0.000000
v 0.084000 -0.007425 0.000000
v 0.057750 -0.007425 0.000000
v 0.047250 -0.029700 0.000000
v 0.063000 -0.007425 0.000000
v 0.068250 -0.029700 0.000000
v 0.005250 -0.037125 0.000000
v 0.021000 -0.037125 0.000000
v 0.099750 -0.007425 0.000000
v 0.099750 -0.029700 0.000000
v 0.105000 -0.022275 0.000000
v -0.005250 -0.037125 0.000000
v -0.015750 -0.059400 0.000000
v 0.000000 -0.037125 0.000000
v 0.005250 -0.059400 0.000000
v 0.047250 -0.037125 0.000000
v 0.063000 -0.037125 0.000000
v 0.036750 -0.037125 0.000000
v 0.026250 -0.059400 0.000000
v 0.042000 -0.037125 0.000000
v 0.047250 -0.059400 0.000000
v 0.099750 -0.051975 0.000000
v 0.105000 -0.051975 0.000000
v 0.078750 -0.037125 0.000000
v 0.068250 -0.059400 0.000000
v 0.084000 -0.037125 0.000000
v 0.099750 -0.059400 0.000000
v -0.015750 -0.066825 0.000000
v 0.000000 -0.066825 0.000000
v -0.026250 -0.066825 0.000000
v -0.036750 -0.089100 0.000000
v -0.021000 -0.066825 0.000000
v -0.015750 -0.089100 0.000000
v 0.026250 -0.066825 0.000000
v 0.042000 -0.066825 0.000000
v 0.015750 -0.066825 0.000000
v 0.005250 -0.089100 0.000000
v 0.021000 -0.066825 0.000000
v 0.026250 -0.089100 0.000000
v 0.068250 -0.066825 0.000000
v 0.084000 -0.066825 0.000000
v 0.057750 -0.066825 0.000000
v 0.047250 -0.089100 0.000000
v 0.063000 -0.066825 0.000000
v 0.068250 -0.089100 0.000000
v -0.036750 -0.096525 0.000000
v -0.021000 -0.096525 0.000000
v 0.099750 -0.066825 0.000000
v 0.099750 -0.089100 0.000000
v 0.105000 -0.081675 0.000000
v -0.047250 -0.096525 0.000000
v -0.057750 -0.118800 0.000000
v -0.042000 -0.096525 0.000000
v -0.036750 -0.118800 0.000000
v 0.005250 -0.096525 0.000000
v 0.021000 -0.096525 0.000000
v -0.005250 -0.096525 0.000000
v -0.015750 -0.118800 0.000000
v 0.000000 -0.096525 0.000000
v 0.005250 -0.118800 0.000000
v 0.047250 -0.096525 0.000000
v 0.063000 -0.096525 0.000000
v 0.036750 -0.096525 0.000000
v 0.026250 -0.118800 0.000000
v 0.042000 -0.096525 0.000000
v 0.047250 -0.118800 0.000000
v 0.099750 -0.111375 0.000000
v 0.105000 -0.111375 0.000000
v 0.078750 -0.096525 0.000000
v 0.068250 -0.118800 0.000000
v 0.084000 -0.096525 0.000000
v 0.099750 -0.118800 0.000000
v -0.047250 -0.141075 0.000000
v -0.042000 -0.141075 0.000000
v -0.078750 -0.141075 0.000000
v -0.078750 -0.148500 0.000000
v -0.063000 -0.141075 0.000000
v -0.057750 -0.148500 0.000000
v -0.005250 -0.141075 0.000000
v 0.000000 -0.141075 0.000000
v -0.036750 -0.141075 0.000000
v -0.036750 -0.148500 0.000000
v -0.021000 -0.141075 0.000000
v -0.015750 -0.148500 0.000000
v 0.036750 -0.141075 0.000000
v 0.042000 -0.141075 0.000000
v 0.005250 -0.141075 0.000000
v 0.005250 -0.148500 0.000000
v 0.021000 -0.141075 0.000000
v 0.026250 -0.148500 0.000000
v 0.078750 -0.141075 0.000000
v 0.084000 -0.141075 0.000000
v 0.047250 -0.141075 0.000000
v 0.047250 -0.148500 0.000000
v 0.063000 -0.141075 0.000000
v 0.068250 -0.148500 0.000000
v 0.099750 -0.126225 0.000000
v 0.099750 -0.148500 0.000000
v 0.105000 -0.141075 0.000000
v 0.105000 0.141075 -0.000000
v 0.099750 0.148500 -0.000000
v 0.094500 0.141075 -0.000000
v 0.099750 0.133650 -0.000000
v 0.099750 0.141075 -0.000000
v 0.099750 -0.133650 0.000000
v 0.094500 -0.141075 0.000000
v 0.099750 -0.141075 0.000000
v 0.094500 -0.126225 0.000000
v 0.089250 -0.126225 0.000000
v 0.089250 -0.133650 0.000000
v 0.068250 -0.133650 0.000000
v 0.068250 -0.141075 0.000000
v 0.073500 -0.141075 0.000000
v 0.057750 -0.133650 0.000000
v 0.052500 -0.141075 0.000000
v 0.057750 -0.141075 0.000000
v 0.052500 -0.126225 0.000000
v 0.047250 -0.126225 0.000000
v 0.047250 -0.133650 0.000000
v 0.073500 -0.126225 0.000000
v 0.078750 -0.133650 0.000000
v 0.078750 -0.126225 0.000000
v 0.026250 -0.133650 0.000000
v 0.026250 -0.141075 0.000000
v 0.031500 -0.141075 0.000000
v 0.015750 -0.133650 0.000000
v 0.010500 -0.141075 0.000000
v 0.015750 -0.141075 0.000000
v 0.010500 -0.126225 0.000000
v 0.005250 -0.126225 0.000000
v 0.005250 -0.133650 0.000000
v 0.031500 -0.126225 0.000000
v 0.036750 -0.133650 0.000000
v 0.036750 -0.126225 0.000000
v -0.015750 -0.133650 0.000000
v -0.015750 -0.141075 0.000000
v -0.010500 -0.141075 0.000000
v -0.026250 -0.133650 0.000000
v -0.031500 -0.141075 0.000000
v -0.026250 -0.141075 0.000000
v -0.031500 -0.126225 0.000000
v -0.036750 -0.126225 0.000000
v -0.036750 -0.133650 0.000000
v -0.010500 -0.126225 0.000000
v -0.005250 -0.133650 0.000000
v -0.005250 -0.126225 0.000000
v -0.057750 -0.133650 0.000000
v -0.057750 -0.141075 0.000000
v -0.052500 -0.141075 0.000000
v -0.068250 -0.133650 0.000000
v -0.073500 -0.141075 0.000000
v -0.068250 -0.141075 0.000000
v -0.073500 -0.126225 0.000000
v -0.078750 -0.126225 0.000000
v -0.078750 -0.133650 0.000000
v -0.052500 -0.126225 0.000000
v -0.047250 -0.133650 0.000000
v -0.047250 -0.126225 0.000000
v 0.089250 -0.103950 0.000000
v 0.089250 -0.111375 0.000000
v 0.094500 -0.111375 0.000000
v 0.078750 -0.103950 0.000000
v 0.073500 -0.111375 0.000000
v 0.078750 -0.111375 0.000000
v 0.073500 -0.096525 0.000000
v 0.068250 -0.096525 0.000000
v 0.068250 -0.103950 0.000000
v 0.094500 -0.096525 0.000000
v 0.099750 -0.103950 0.000000
v 0.099750 -0.096525 0.000000
v 0.047250 -0.103950 0.000000
v 0.047250 -0.111375 0.000000
v 0.052500 -0.111375 0.000000
v 0.036750 -0.103950 0.000000
v 0.031500 -0.111375 0.000000
v 0.036750 -0.111375 0.000000
v 0.031500 -0.096525 0.000000
v 0.026250 -0.096525 0.000000
v 0.026250 -0.103950 0.000000
v 0.052500 -0.096525 0.000000
v 0.057750 -0.103950 0.000000
v 0.057750 -0.096525 0.000000
v 0.005250 -0.103950 0.000000
v 0.005250 -0.111375 0.000000
v 0.010500 -0.111375 0.000000
v -0.005250 -0.103950 0.000000
v -0.010500 -0.111375 0.000000
v -0.005250 -0.111375 0.000000
v -0.010500 -0.096525 0.000000
v -0.015750 -0.096525 0.000000
v -0.015750 -0.103950 0.000000
v 0.010500 -0.096525 0.000000
v 0.015750 -0.103950 0.000000
v 0.015750 -0.096525 0.000000
v -0.036750 -0.103950 0.000000
v -0.036750 -0.111375 0.000000
v -0.031500 -0.111375 0.000000
v -0.047250 -0.103950 0.000000
v -0.052500 -0.111375 0.000000
v -0.047250 -0.111375 0.000000
v -0.052500 -0.096525 0.000000
v -0.057750 -0.096525 0.000000
v -0.057750 -0.103950 0.000000
v 0.099750 -0.074250 0.000000
v 0.094500 -0.081675 0.000000
v 0.099750 -0.081675 0.000000
v 0.094500 -0.066825 0.000000
v 0.089250 -0.066825 0.000000
v 0.089250 -0.074250 0.000000
v -0.031500 -0.096525 0.000000
v -0.026250 -0.103950 0.000000
v -0.026250 -0.096525 0.000000
v 0.068250 -0.074250 0.000000
v 0.068250 -0.081675 0.000000
v 0.073500 -0.081675 0.000000
v 0.057750 -0.074250 0.000000
v 0.052500 -0.081675 0.000000
v 0.057750 -0.081675 0.000000
v 0.052500 -0.066825 0.000000
v 0.047250 -0.066825 0.000000
v 0.047250 -0.074250 0.000000
v 0.073500 -0.066825 0.000000
v 0.078750 -0.074250 0.000000
v 0.078750 -0.066825 0.000000
v 0.026250 -0.074250 0.000000
v 0.026250 -0.081675 0.000000
v 0.031500 -0.081675 0.000000
v 0.015750 -0.074250 0.000000
v 0.010500 -0.081675 0.000000
v 0.015750 -0.081675 0.000000
v 0.010500 -0.066825 0.000000
v 0.005250 -0.066825 0.000000
v 0.005250 -0.074250 0.000000
v 0.031500 -0.066825 0.000000
v 0.036750 -0.074250 0.000000
v 0.036750 -0.066825 0.000000
v -0.015750 -0.074250 0.000000
v -0.015750 -0.081675 0.000000
v -0.010500 -0.081675 0.000000
v -0.026250 -0.074250 0.000000
v -0.031500 -0.081675 0.000000
v -0.026250 -0.081675 0.000000
v -0.031500 -0.066825 0.000000
v -0.036750 -0.066825 0.000000
v -0.036750 -0.074250 0.000000
v -0.010500 -0.066825 0.000000
v -0.005250 -0.074250 0.000000
v -0.005250 -0.066825 0.000000
v 0.089250 -0.044550 0.000000
v 0.089250 -0.051975 0.000000
v 0.094500 -0.051975 0.000000
v 0.078750 -0.044550 0.000000
v 0.073500 -0.051975 0.000000
v 0.078750 -0.051975 0.000000
v 0.073500 -0.037125 0.000000
v 0.068250 -0.037125 0.000000
v 0.068250 -0.044550 0.000000
v 0.094500 -0.037125 0.000000
v 0.099750 -0.044550 0.000000
v 0.099750 -0.037125 0.000000
v 0.047250 -0.044550 0.000000
v 0.047250 -0.051975 0.000000
v 0.052500 -0.051975 0.000000
v 0.036750 -0.044550 0.000000
v 0.031500 -0.051975 0.000000
v 0.036750 -0.051975 0.000000
v 0.031500 -0.037125 0.000000
v 0.026250 -0.037125 0.000000
v 0.026250 -0.044550 0.000000
v 0.052500 -0.037125 0.000000
v 0.057750 -0.044550 0.000000
v 0.057750 -0.037125 0.000000
v 0.005250 -0.044550 0.000000
v 0.005250 -0.051975 0.000000
v 0.010500 -0.051975 0.000000
v -0.005250 -0.044550 0.000000
v -0.010500 -0.051975 0.000000
v -0.005250 -0.051975 0.000000
v -0.010500 -0.037125 0.000000
v -0.015750 -0.037125 0.000000
v -0.015750 -0.044550 0.000000
v 0.099750 -0.014850 0.000000
v 0.094500 -0.022275 0.000000
v 0.099750 -0.022275 0.000000
v 0.094500 -0.007425 0.000000
v 0.089250 -0.007425 0.000000
v 0.089250 -0.014850 0.000000
v 0.010500 -0.037125 0.000000
v 0.015750 -0.044550 0.000000
v 0.015750 -0.037125 0.000000
v 0.068250 -0.014850 0.000000
v 0.068250 -0.022275 0.000000
v 0.073500 -0.022275 0.000000
v 0.057750 -0.014850 0.000000
v 0.052500 -0.022275 0.000000
v 0.057750 -0.022275 0.000000
v 0.052500 -0.007425 0.000000
v 0.047250 -0.007425 0.000000
v 0.047250 -0.014850 0.000000
v 0.073500 -0.007425 0.000000
v 0.078750 -0.014850 0.000000
v 0.078750 -0.007425 0.000000
v 0.026250 -0.014850 0.000000
v 0.026250 -0.022275 0.000000
v 0.031500 -0.022275 0.000000
v 0.015750 -0.014850 0.000000
v 0.010500 -0.022275 0.000000
v 0.015750 -0.022275 0.000000
v 0.010500 -0.007425 0.000000
v 0.005250 -0.007425 0.000000
v 0.005250 -0.014850 0.000000
v 0.031500 -0.007425 0.000000
v 0.036750 -0.014850 0.000000
v 0.036750 -0.007425 0.000000
v 0.089250 0.014850 -0.000000
v 0.089250 0.007425 -0.000000
v 0.094500 0.007425 -0.000000
v 0.078750 0.014850 -0.000000
v 0.073500 0.007425 -0.000000
v 0.078750 0.007425 -0.000000
v 0.073500 0.022275 -0.000000
v 0.068250 0.022275 -0.000000
v 0.068250 0.014850 -0.000000
v 0.094500 0.022275 -0.000000
v 0.099750 0.014850 -0.000000
v 0.099750 0.022275 -0.000000
v 0.047250 0.014850 -0.000000
v 0.047250 0.007425 -0.000000
v 0.052500 0.007425 -0.000000
v 0.036750 0.014850 -0.000000
v 0.031500 0.007425 -0.000000
v 0.036750 0.007425 -0.000000
v 0.031500 0.022275 -0.000000
v 0.026250 0.022275 -0.000000
v 0.026250 0.014850 -0.000000
v 0.099750 0.044550 -0.000000
v 0.094500 0.037125 -0.000000
v 0.099750 0.037125 -0.000000
v 0.094500 0.051975 -0.000000
v 0.089250 0.051975 -0.000000
v 0.089250 0.044550 -0.000000
v 0.052500 0.022275 -0.000000
v 0.057750 0.014850 -0.000000
v 0.057750 0.022275 -0.000000
v 0.068250 0.044550 -0.000000
v 0.068250 0.037125 -0.000000
v 0.073500 0.037125 -0.000000
v 0.057750 0.044550 -0.000000
v 0.052500 0.037125 -0.000000
v 0.057750 0.037125 -0.000000
v 0.052500 0.051975 -0.000000
v 0.047250 0.051975 -0.000000
v 0.047250 0.044550 -0.000000
v 0.073500 0.051975 -0.000000
v 0.078750 0.044550 -0.000000
v 0.078750 0.051975 -0.000000
v 0.089250 0.074250 -0.000000
v 0.089250 0.066825 -0.000000
v 0.094500 0.066825 -0.000000
v 0.078750 0.074250 -0.000000
v 0.073500 0.066825 -0.000000
v 0.078750 0.066825 -0.000000
v 0.073500 0.081675 -0.000000
v 0.068250 0.081675 -0.000000
v 0.068250 0.074250 -0.000000
v 0.099750 0.103950 -0.000000
v 0.094500 0.096525 -0.000000
v 0.099750 0.096525 -0.000000
v 0.094500 0.111375 -0.000000
v 0.089250 0.111375 -0.000000
v 0.089250 0.103950 -0.000000
v -0.068250 -0.103950 0.000000
v -0.068250 -0.096525 0.000000
v -0.073500 -0.096525 0.000000
v -0.031500 -0.051975 0.000000
v -0.036750 -0.044550 0.000000
v -0.036750 -0.051975 0.000000
v -0.026250 -0.044550 0.000000
v -0.026250 -0.037125 0.000000
v -0.031500 -0.037125 0.000000
v 0.010500 0.007425 -0.000000
v 0.005250 0.014850 -0.000000
v 0.005250 0.007425 -0.000000
v 0.015750 0.014850 -0.000000
v 0.015750 0.022275 -0.000000
v 0.010500 0.022275 -0.000000
v 0.052500 0.066825 -0.000000
v 0.047250 0.074250 -0.000000
v 0.047250 0.066825 -0.000000
v 0.057750 0.074250 -0.000000
v 0.057750 0.081675 -0.000000
v 0.052500 0.081675 -0.000000
v -0.094500 -0.081675 0.000000
v -0.099750 -0.074250 0.000000
v -0.099750 -0.081675 0.000000
v -0.094500 -0.126225 0.000000
v -0.089250 -0.133650 0.000000
v -0.089250 -0.126225 0.000000
v -0.099750 0.133650 -0.000000
v -0.094500 0.141075 -0.000000
v -0.099750 0.141075 -0.000000
v -0.094500 0.126225 -0.000000
v -0.089250 0.126225 -0.000000
v -0.089250 0.133650 -0.000000
v 0.094500 0.081675 -0.000000
v 0.099750 0.074250 -0.000000
v 0.099750 0.081675 -0.000000
v -0.068250 0.133650 -0.000000
v -0.068250 0.141075 -0.000000
v -0.073500 0.141075 -0.000000
v -0.057750 0.133650 -0.000000
v -0.052500 0.141075 -0.000000
v -0.057750 0.141075 -0.000000
v -0.052500 0.126225 -0.000000
v -0.047250 0.126225 -0.000000
v -0.047250 0.133650 -0.000000
v -0.073500 0.126225 -0.000000
v -0.078750 0.133650 -0.000000
v -0.078750 0.126225 -0.000000
v -0.026250 0.133650 -0.000000
v -0.026250 0.141075 -0.000000
v -0.031500 0.141075 -0.000000
v -0.015750 0.133650 -0.000000
v -0.010500 0.141075 -0.000000
v -0.015750 0.141075 -0.000000
v -0.010500 0.126225 -0.000000
v -0.005250 0.126225 -0.000000
v -0.005250 0.133650 -0.000000
v -0.031500 0.126225 -0.000000
v -0.036750 0.133650 -0.000000
v -0.036750 0.126225 -0.000000
v 0.015750 0.133650 -0.000000
v 0.015750 0.141075 -0.000000
v 0.010500 0.141075 -0.000000
v 0.026250 0.133650 -0.000000
v 0.031500 0.141075 -0.000000
v 0.026250 0.141075 -0.000000
v 0.031500 0.126225 -0.000000
v 0.036750 0.126225 -0.000000
v 0.036750 0.133650 -0.000000
v 0.010500 0.126225 -0.000000
v 0.005250 0.133650 -0.000000
v 0.005250 0.126225 -0.000000
v 0.057750 0.133650 -0.000000
v 0.057750 0.141075 -0.000000
v 0.052500 0.141075 -0.000000
v 0.068250 0.133650 -0.000000
v 0.073500 0.141075 -0.000000
v 0.068250 0.141075 -0.000000
v 0.073500 0.126225 -0.000000
v 0.078750 0.126225 -0.000000
v 0.078750 0.133650 -0.000000
v 0.052500 0.126225 -0.000000
v 0.047250 0.133650 -0.000000
v 0.047250 0.126225 -0.000000
v -0.089250 0.103950 -0.000000
v -0.089250 0.111375 -0.000000
v -0.094500 0.111375 -0.000000
v -0.078750 0.103950 -0.000000
v -0.073500 0.111375 -0.000000
v -0.078750 0.111375 -0.000000
v -0.073500 0.096525 -0.000000
v -0.068250 0.096525 -0.000000
v -0.068250 0.103950 -0.000000
v -0.094500 0.096525 -0.000000
v -0.099750 0.103950 -0.000000
v -0.099750 0.096525 -0.000000
v -0.047250 0.103950 -0.000000
v -0.047250 0.111375 -0.000000
v -0.052500 0.111375 -0.000000
v -0.036750 0.103950 -0.000000
v -0.031500 0.111375 -0.000000
v -0.036750 0.111375 -0.000000
v -0.031500 0.096525 -0.000000
v -0.026250 0.096525 -0.000000
v -0.026250 0.103950 -0.000000
v -0.052500 0.096525 -0.000000
v -0.057750 0.103950 -0.000000
v -0.057750 0.096525 -0.000000
v -0.005250 0.103950 -0.000000
v -0.005250 0.111375 -0.000000
v -0.010500 0.111375 -0.000000
v 0.005250 0.103950 -0.000000
v 0.010500 0.111375 -0.000000
v 0.005250 0.111375 -0.000000
v 0.010500 0.096525 -0.000000
v 0.015750 0.096525 -0.000000
v 0.015750 0.103950 -0.000000
v -0.010500 0.096525 -0.000000
v -0.015750 0.103950 -0.000000
v -0.015750 0.096525 -0.000000
v 0.036750 0.103950 -0.000000
v 0.036750 0.111375 -0.000000
v 0.031500 0.111375 -0.000000
v 0.047250 0.103950 -0.000000
v 0.052500 0.111375 -0.000000
v 0.047250 0.111375 -0.000000
v 0.052500 0.096525 -0.000000
v 0.057750 0.096525 -0.000000
v 0.057750 0.103950 -0.000000
v -0.099750 0.074250 -0.000000
v -0.094500 0.081675 -0.000000
v -0.099750 0.081675 -0.000000
v -0.094500 0.066825 -0.000000
v -0.089250 0.066825 -0.000000
v -0.089250 0.074250 -0.000000
v 0.031500 0.096525 -0.000000
v 0.026250 0.103950 -0.000000
v 0.026250 0.096525 -0.000000
v -0.068250 0.074250 -0.000000
v -0.068250 0.081675 -0.000000
v -0.073500 0.081675 -0.000000
v -0.057750 0.074250 -0.000000
v -0.052500 0.081675 -0.000000
v -0.057750 0.081675 -0.000000
v -0.052500 0.066825 -0.000000
v -0.047250 0.066825 -0.000000
v -0.047250 0.074250 -0.000000
v -0.073500 0.066825 -0.000000
v -0.078750 0.074250 -0.000000
v -0.078750 0.066825 -0.000000
v -0.026250 0.074250 -0.000000
v -0.026250 0.081675 -0.000000
v -0.031500 0.081675 -0.000000
v -0.015750 0.074250 -0.000000
v -0.010500 0.081675 -0.000000
v -0.015750 0.081675 -0.000000
v -0.010500 0.066825 -0.000000
v -0.005250 0.066825 -0.000000
v -0.005250 0.074250 -0.000000
v -0.031500 0.066825 -0.000000
v -0.036750 0.074250 -0.000000
v -0.036750 0.066825 -0.000000
v 0.015750 0.074250 -0.000000
v 0.015750 0.081675 -0.000000
v 0.010500 0.081675 -0.000000
v 0.026250 0.074250 -0.000000
v 0.031500 0.081675 -0.000000
v 0.026250 0.081675 -0.000000
v 0.031500 0.066825 -0.000000
v 0.036750 0.066825 -0.000000
v 0.036750 0.074250 -0.000000
v 0.010500 0.066825 -0.000000
v 0.005250 0.074250 -0.000000
v 0.005250 0.066825 -0.000000
v -0.089250 0.044550 -0.000000
v -0.089250 0.051975 -0.000000
v -0.094500 0.051975 -0.000000
v -0.078750 0.044550 -0.000000
v -0.073500 0.051975 -0.000000
v -0.078750 0.051975 -0.000000
v -0.073500 0.037125 -0.000000
v -0.068250 0.037125 -0.000000
v -0.068250 0.044550 -0.000000
v -0.094500 0.037125 -0.000000
v -0.099750 0.044550 -0.000000
v -0.099750 0.037125 -0.000000
v -0.047250 0.044550 -0.000000
v -0.047250 0.051975 -0.000000
v -0.052500 0.051975 -0.000000
v -0.036750 0.044550 -0.000000
v -0.031500 0.051975 -0.000000
v -0.036750 0.051975 -0.000000
v -0.031500 0.037125 -0.000000
v -0.026250 0.037125 -0.000000
v -0.026250 0.044550 -0.000000
v -0.052500 0.037125 -0.000000
v -0.057750 0.044550 -0.000000
v -0.057750 0.037125 -0.000000
v -0.005250 0.044550 -0.000000
v -0.005250 0.051975 -0.000000
v -0.010500 0.051975 -0.000000
v 0.005250 0.044550 -0.000000
v 0.010500 0.051975 -0.000000
v 0.005250 0.051975 -0.000000
v 0.010500 0.037125 -0.000000
v 0.015750 0.037125 -0.000000
v 0.015750 0.044550 -0.000000
v -0.099750 0.014850 -0.000000
v -0.094500 0.022275 -0.000000
v -0.099750 0.022275 -0.000000
v -0.094500 0.007425 -0.000000
v -0.089250 0.007425 -0.000000
v -0.089250 0.014850 -0.000000
v -0.010500 0.037125 -0.000000
v -0.015750 0.044550 -0.000000
v -0.015750 0.037125 -0.000000
v -0.068250 0.014850 -0.000000
v -0.068250 0.022275 -0.000000
v -0.073500 0.022275 -0.000000
v -0.057750 0.014850 -0.000000
v -0.052500 0.022275 -0.000000
v -0.057750 0.022275 -0.000000
v -0.052500 0.007425 -0.000000
v -0.047250 0.007425 -0.000000
v -0.047250 0.014850 -0.000000
v -0.073500 0.007425 -0.000000
v -0.078750 0.014850 -0.000000
v -0.078750 0.007425 -0.000000
v -0.026250 0.014850 -0.000000
v -0.026250 0.022275 -0.000000
v -0.031500 0.022275 -0.000000
v -0.015750 0.014850 -0.000000
v -0.010500 0.022275 -0.000000
v -0.015750 0.022275 -0.000000
v -0.010500 0.007425 -0.000000
v -0.005250 0.007425 -0.000000
v -0.005250 0.014850 -0.000000
v -0.031500 0.007425 -0.000000
v -0.036750 0.014850 -0.000000
v -0.036750 0.007425 -0.000000
v -0.089250 -0.014850 0.000000
v -0.089250 -0.007425 0.000000
v -0.094500 -0.007425 0.000000
v -0.078750 -0.014850 0.000000
v -0.073500 -0.007425 0.000000
v -0.078750 -0.007425 0.000000
v -0.073500 -0.022275 0.000000
v -0.068250 -0.022275 0.000000
v -0.068250 -0.014850 0.000000
v -0.094500 -0.022275 0.000000
v -0.099750 -0.014850 0.000000
v -0.099750 -0.022275 0.000000
v -0.047250 -0.014850 0.000000
v -0.047250 -0.007425 0.000000
v -0.052500 -0.007425 0.000000
v -0.036750 -0.014850 0.000000
v -0.031500 -0.007425 0.000000
v -0.036750 -0.007425 0.000000
v -0.031500 -0.022275 0.000000
v -0.026250 -0.022275 0.000000
v -0.026250 -0.014850 0.000000
v -0.099750 -0.044550 0.000000
v -0.094500 -0.037125 0.000000
v -0.099750 -0.037125 0.000000
v -0.094500 -0.051975 0.000000
v -0.089250 -0.051975 0.000000
v -0.089250 -0.044550 0.000000
v -0.052500 -0.022275 0.000000
v -0.057750 -0.014850 0.000000
v -0.057750 -0.022275 0.000000
v -0.068250 -0.044550 0.000000
v -0.068250 -0.037125 0.000000
v -0.073500 -0.037125 0.000000
v -0.057750 -0.044550 0.000000
v -0.052500 -0.037125 0.000000
v -0.057750 -0.037125 0.000000
v -0.052500 -0.051975 0.000000
v -0.047250 -0.051975 0.000000
v -0.047250 -0.044550 0.000000
v -0.073500 -0.051975 0.000000
v -0.078750 -0.044550 0.000000
v -0.078750 -0.051975 0.000000
v -0.089250 -0.074250 0.000000
v -0.089250 -0.066825 0.000000
v -0.094500 -0.066825 0.000000
v -0.078750 -0.074250 0.000000
v -0.073500 -0.066825 0.000000
v -0.078750 -0.066825 0.000000
v -0.073500 -0.081675 0.000000
v -0.068250 -0.081675 0.000000
v -0.068250 -0.074250 0.000000
v -0.099750 -0.103950 0.000000
v -0.094500 -0.096525 0.000000
v -0.099750 -0.096525 0.000000
v -0.094500 -0.111375 0.000000
v -0.089250 -0.111375 0.000000
v -0.089250 -0.103950 0.000000
v 0.068250 0.103950 -0.000000
v 0.068250 0.096525 -0.000000
v 0.073500 0.096525 -0.000000
v 0.073500 0.111375 -0.000000
v 0.078750 0.103950 -0.000000
v 0.078750 0.111375 -0.000000
v 0.026250 0.044550 -0.000000
v 0.026250 0.037125 -0.000000
v 0.031500 0.037125 -0.000000
v 0.031500 0.051975 -0.000000
v 0.036750 0.044550 -0.000000
v 0.036750 0.051975 -0.000000
v -0.015750 -0.014850 0.000000
v -0.015750 -0.022275 0.000000
v -0.010500 -0.022275 0.000000
v -0.010500 -0.007425 0.000000
v -0.005250 -0.014850 0.000000
v -0.005250 -0.007425 0.000000
v -0.057750 -0.074250 0.000000
v -0.057750 -0.081675 0.000000
v -0.052500 -0.081675 0.000000
v -0.052500 -0.066825 0.000000
v -0.047250 -0.074250 0.000000
v -0.047250 -0.066825 0.000000
v -0.099750 -0.133650 0.000000
v -0.099750 -0.141075 0.000000
v -0.094500 -0.141075 0.000000
v 0.089250 0.133650 -0.000000
v 0.089250 0.126225 -0.000000
v 0.094500 0.126225 -0.000000
v -0.073500 -0.111375 0.000000
v -0.078750 -0.103950 0.000000
v -0.078750 -0.111375 0.000000
vn -0.0000 -0.0000 1.0000
s 0
f 50//1 443//1 762//1
f 31//1 446//1 765//1
f 1//1 769//1 768//1
f 107//1 452//1 451//1
f 24//1 775//1 774//1
f 96//1 457//1 456//1
f 26//1 780//1 779//1
f 89//1 462//1 461//1
f 28//1 785//1 784//1
f 86//1 467//1 466//1
f 30//1 790//1 789//1
f 23//1 763//1 791//1
f 50//1 473//1 472//1
f 24//1 774//1 795//1
f 51//1 797//1 476//1
f 52//1 479//1 478//1
f 55//1 482//1 481//1
f 25//1 803//1 773//1
f 53//1 805//1 484//1
f 54//1 807//1 486//1
f 58//1 489//1 488//1
f 52//1 802//1 479//1
f 55//1 491//1 490//1
f 26//1 779//1 813//1
f 56//1 815//1 494//1
f 57//1 817//1 496//1
f 45//1 499//1 818//1
f 54//1 809//1 807//1
f 58//1 821//1 500//1
f 59//1 503//1 502//1
f 62//1 505//1 504//1
f 27//1 826//1 778//1
f 60//1 828//1 507//1
f 61//1 830//1 509//1
f 64//1 512//1 511//1
f 57//1 825//1 817//1
f 62//1 834//1 513//1
f 63//1 836//1 515//1
f 67//1 518//1 517//1
f 59//1 832//1 503//1
f 64//1 520//1 519//1
f 28//1 784//1 842//1
f 65//1 844//1 523//1
f 66//1 846//1 525//1
f 69//1 528//1 527//1
f 61//1 838//1 830//1
f 67//1 850//1 529//1
f 68//1 852//1 531//1
f 47//1 534//1 853//1
f 63//1 848//1 836//1
f 69//1 856//1 535//1
f 70//1 538//1 537//1
f 73//1 540//1 539//1
f 29//1 861//1 783//1
f 71//1 863//1 542//1
f 72//1 865//1 544//1
f 75//1 547//1 546//1
f 66//1 860//1 846//1
f 73//1 869//1 548//1
f 74//1 871//1 550//1
f 77//1 553//1 552//1
f 68//1 867//1 852//1
f 75//1 875//1 554//1
f 76//1 877//1 556//1
f 80//1 559//1 558//1
f 70//1 873//1 538//1
f 77//1 561//1 560//1
f 30//1 789//1 883//1
f 78//1 885//1 564//1
f 79//1 887//1 566//1
f 82//1 569//1 568//1
f 72//1 879//1 865//1
f 80//1 891//1 570//1
f 81//1 893//1 572//1
f 84//1 575//1 574//1
f 74//1 889//1 871//1
f 82//1 897//1 576//1
f 83//1 899//1 578//1
f 49//1 581//1 900//1
f 76//1 895//1 877//1
f 84//1 903//1 582//1
f 85//1 585//1 584//1
f 34//1 907//1 906//1
f 31//1 765//1 788//1
f 32//1 909//1 908//1
f 33//1 911//1 910//1
f 36//1 913//1 912//1
f 79//1 587//1 887//1
f 34//1 915//1 914//1
f 35//1 917//1 916//1
f 38//1 919//1 918//1
f 81//1 593//1 893//1
f 36//1 921//1 920//1
f 37//1 923//1 922//1
f 40//1 925//1 924//1
f 83//1 599//1 899//1
f 38//1 927//1 926//1
f 39//1 929//1 928//1
f 11//1 931//1 930//1
f 85//1 605//1 585//1
f 40//1 614//1 933//1
f 14//1 936//1 770//1
f 43//1 617//1 800//1
f 30//1 883//1 938//1
f 71//1 541//1 939//1
f 28//1 842//1 941//1
f 60//1 506//1 942//1
f 26//1 813//1 944//1
f 53//1 483//1 945//1
f 24//1 795//1 947//1
f 31//1 787//1 446//1
f 86//1 612//1 628//1
f 30//1 938//1 790//1
f 87//1 951//1 630//1
f 88//1 633//1 632//1
f 91//1 635//1 634//1
f 29//1 782//1 940//1
f 89//1 957//1 636//1
f 90//1 959//1 638//1
f 94//1 641//1 640//1
f 88//1 955//1 633//1
f 91//1 643//1 642//1
f 28//1 941//1 785//1
f 92//1 966//1 645//1
f 93//1 968//1 647//1
f 9//1 970//1 969//1
f 90//1 961//1 959//1
f 94//1 972//1 651//1
f 95//1 654//1 653//1
f 98//1 656//1 655//1
f 27//1 777//1 943//1
f 96//1 978//1 657//1
f 97//1 980//1 659//1
f 100//1 662//1 661//1
f 93//1 976//1 968//1
f 98//1 984//1 663//1
f 99//1 986//1 665//1
f 103//1 668//1 667//1
f 95//1 982//1 654//1
f 100//1 670//1 669//1
f 26//1 944//1 780//1
f 101//1 993//1 672//1
f 102//1 995//1 674//1
f 105//1 677//1 676//1
f 97//1 988//1 980//1
f 103//1 999//1 678//1
f 104//1 1001//1 680//1
f 7//1 1003//1 1002//1
f 99//1 997//1 986//1
f 105//1 1005//1 684//1
f 106//1 687//1 686//1
f 109//1 689//1 688//1
f 25//1 772//1 946//1
f 107//1 1011//1 690//1
f 108//1 1013//1 692//1
f 111//1 695//1 694//1
f 102//1 1009//1 995//1
f 109//1 1017//1 696//1
f 110//1 1019//1 698//1
f 113//1 701//1 700//1
f 104//1 1015//1 1001//1
f 111//1 1023//1 702//1
f 112//1 1025//1 704//1
f 116//1 707//1 706//1
f 106//1 1021//1 687//1
f 113//1 709//1 708//1
f 24//1 947//1 775//1
f 114//1 1032//1 711//1
f 115//1 1034//1 713//1
f 118//1 716//1 715//1
f 108//1 1027//1 1013//1
f 116//1 1038//1 717//1
f 117//1 1040//1 719//1
f 120//1 722//1 721//1
f 110//1 1036//1 1019//1
f 118//1 1044//1 723//1
f 119//1 1046//1 725//1
f 5//1 1048//1 1047//1
f 112//1 1042//1 1025//1
f 120//1 1050//1 729//1
f 121//1 732//1 731//1
f 16//1 1054//1 1053//1
f 23//1 616//1 764//1
f 14//1 1056//1 1055//1
f 15//1 1058//1 1057//1
f 18//1 1060//1 1059//1
f 115//1 734//1 1034//1
f 16//1 1062//1 1061//1
f 17//1 1064//1 1063//1
f 20//1 1066//1 1065//1
f 117//1 740//1 1040//1
f 18//1 1068//1 1067//1
f 19//1 1070//1 1069//1
f 22//1 1072//1 1071//1
f 119//1 746//1 1046//1
f 20//1 1074//1 1073//1
f 21//1 1076//1 1075//1
f 121//1 752//1 732//1
f 22//1 758//1 757//1
f 13//1 760//1 767//1
f 127//1 1082//1 447//1
f 127//1 1083//1 1082//1
f 440//1 1080//1 1084//1
f 437//1 1085//1 1077//1
f 437//1 1086//1 1085//1
f 438//1 1078//1 1087//1
f 412//1 1088//1 1052//1
f 412//1 1089//1 1088//1
f 432//1 1072//1 1090//1
f 435//1 1091//1 755//1
f 435//1 1092//1 1091//1
f 436//1 756//1 1093//1
f 433//1 1094//1 753//1
f 433//1 1095//1 1094//1
f 434//1 754//1 1096//1
f 406//1 1097//1 726//1
f 406//1 1098//1 1097//1
f 426//1 1066//1 1099//1
f 431//1 1100//1 751//1
f 431//1 1101//1 1100//1
f 432//1 752//1 1102//1
f 429//1 1103//1 749//1
f 429//1 1104//1 1103//1
f 430//1 750//1 1105//1
f 427//1 1106//1 747//1
f 427//1 1107//1 1106//1
f 428//1 748//1 1108//1
f 400//1 1109//1 720//1
f 400//1 1110//1 1109//1
f 420//1 1060//1 1111//1
f 425//1 1112//1 745//1
f 425//1 1113//1 1112//1
f 426//1 746//1 1114//1
f 423//1 1115//1 743//1
f 423//1 1116//1 1115//1
f 424//1 744//1 1117//1
f 421//1 1118//1 741//1
f 421//1 1119//1 1118//1
f 422//1 742//1 1120//1
f 394//1 1121//1 714//1
f 394//1 1122//1 1121//1
f 414//1 1054//1 1123//1
f 419//1 1124//1 739//1
f 419//1 1125//1 1124//1
f 420//1 740//1 1126//1
f 417//1 1127//1 737//1
f 417//1 1128//1 1127//1
f 418//1 738//1 1129//1
f 415//1 1130//1 735//1
f 415//1 1131//1 1130//1
f 416//1 736//1 1132//1
f 124//1 1133//1 444//1
f 124//1 1134//1 1133//1
f 296//1 936//1 1135//1
f 413//1 1136//1 733//1
f 413//1 1137//1 1136//1
f 414//1 734//1 1138//1
f 411//1 1139//1 1051//1
f 411//1 1140//1 1139//1
f 412//1 1052//1 1141//1
f 409//1 1142//1 1049//1
f 409//1 1143//1 1142//1
f 410//1 730//1 1144//1
f 385//1 1145//1 705//1
f 385//1 1146//1 1145//1
f 402//1 722//1 1147//1
f 407//1 1148//1 727//1
f 407//1 1149//1 1148//1
f 408//1 728//1 1150//1
f 405//1 1151//1 1045//1
f 405//1 1152//1 1151//1
f 406//1 726//1 1153//1
f 403//1 1154//1 1043//1
f 403//1 1155//1 1154//1
f 404//1 724//1 1156//1
f 379//1 1157//1 699//1
f 379//1 1158//1 1157//1
f 396//1 716//1 1159//1
f 401//1 1160//1 1041//1
f 401//1 1161//1 1160//1
f 402//1 1042//1 1162//1
f 399//1 1163//1 1039//1
f 399//1 1164//1 1163//1
f 400//1 720//1 1165//1
f 397//1 1166//1 1037//1
f 397//1 1167//1 1166//1
f 398//1 718//1 1168//1
f 373//1 1169//1 693//1
f 373//1 1170//1 1169//1
f 387//1 707//1 1171//1
f 395//1 1172//1 1035//1
f 395//1 1173//1 1172//1
f 396//1 1036//1 1174//1
f 393//1 1175//1 1033//1
f 393//1 1176//1 1175//1
f 394//1 714//1 1177//1
f 391//1 1178//1 1031//1
f 391//1 1179//1 1178//1
f 392//1 712//1 1180//1
f 135//1 1181//1 455//1
f 135//1 1182//1 1181//1
f 307//1 627//1 1183//1
f 388//1 1184//1 1028//1
f 388//1 1185//1 1184//1
f 389//1 1029//1 1186//1
f 367//1 1187//1 1007//1
f 367//1 1188//1 1187//1
f 381//1 701//1 1189//1
f 386//1 1190//1 1026//1
f 386//1 1191//1 1190//1
f 387//1 1027//1 1192//1
f 384//1 1193//1 1024//1
f 384//1 1194//1 1193//1
f 385//1 705//1 1195//1
f 382//1 1196//1 1022//1
f 382//1 1197//1 1196//1
f 383//1 703//1 1198//1
f 361//1 1199//1 681//1
f 361//1 1200//1 1199//1
f 375//1 695//1 1201//1
f 380//1 1202//1 1020//1
f 380//1 1203//1 1202//1
f 381//1 1021//1 1204//1
f 378//1 1205//1 1018//1
f 378//1 1206//1 1205//1
f 379//1 699//1 1207//1
f 376//1 1208//1 1016//1
f 376//1 1209//1 1208//1
f 377//1 697//1 1210//1
f 355//1 1211//1 675//1
f 355//1 1212//1 1211//1
f 369//1 689//1 1213//1
f 374//1 1214//1 1014//1
f 374//1 1215//1 1214//1
f 375//1 1015//1 1216//1
f 372//1 1217//1 1012//1
f 372//1 1218//1 1217//1
f 373//1 693//1 1219//1
f 370//1 1220//1 1010//1
f 370//1 1221//1 1220//1
f 371//1 691//1 1222//1
f 306//1 1223//1 626//1
f 306//1 1224//1 1223//1
f 132//1 452//1 1225//1
f 368//1 1226//1 1008//1
f 368//1 1227//1 1226//1
f 369//1 1009//1 1228//1
f 366//1 1229//1 1006//1
f 366//1 1230//1 1229//1
f 367//1 1007//1 1231//1
f 364//1 1232//1 1004//1
f 364//1 1233//1 1232//1
f 365//1 685//1 1234//1
f 346//1 1235//1 666//1
f 346//1 1236//1 1235//1
f 357//1 677//1 1237//1
f 362//1 1238//1 682//1
f 362//1 1239//1 1238//1
f 363//1 683//1 1240//1
f 360//1 1241//1 1000//1
f 360//1 1242//1 1241//1
f 361//1 681//1 1243//1
f 358//1 1244//1 998//1
f 358//1 1245//1 1244//1
f 359//1 679//1 1246//1
f 340//1 1247//1 660//1
f 340//1 1248//1 1247//1
f 348//1 668//1 1249//1
f 356//1 1250//1 996//1
f 356//1 1251//1 1250//1
f 357//1 997//1 1252//1
f 354//1 1253//1 994//1
f 354//1 1254//1 1253//1
f 355//1 675//1 1255//1
f 352//1 1256//1 992//1
f 352//1 1257//1 1256//1
f 353//1 673//1 1258//1
f 140//1 1259//1 460//1
f 140//1 1260//1 1259//1
f 304//1 624//1 1261//1
f 349//1 1262//1 989//1
f 349//1 1263//1 1262//1
f 350//1 990//1 1264//1
f 334//1 1265//1 974//1
f 334//1 1266//1 1265//1
f 342//1 662//1 1267//1
f 347//1 1268//1 987//1
f 347//1 1269//1 1268//1
f 348//1 988//1 1270//1
f 345//1 1271//1 985//1
f 345//1 1272//1 1271//1
f 346//1 666//1 1273//1
f 343//1 1274//1 983//1
f 343//1 1275//1 1274//1
f 344//1 664//1 1276//1
f 328//1 1277//1 648//1
f 328//1 1278//1 1277//1
f 336//1 656//1 1279//1
f 341//1 1280//1 981//1
f 341//1 1281//1 1280//1
f 342//1 982//1 1282//1
f 339//1 1283//1 979//1
f 339//1 1284//1 1283//1
f 340//1 660//1 1285//1
f 337//1 1286//1 977//1
f 337//1 1287//1 1286//1
f 338//1 658//1 1288//1
f 303//1 1289//1 623//1
f 303//1 1290//1 1289//1
f 137//1 457//1 1291//1
f 335//1 1292//1 975//1
f 335//1 1293//1 1292//1
f 336//1 976//1 1294//1
f 333//1 1295//1 973//1
f 333//1 1296//1 1295//1
f 334//1 974//1 1297//1
f 331//1 1298//1 971//1
f 331//1 1299//1 1298//1
f 332//1 652//1 1300//1
f 319//1 1301//1 639//1
f 319//1 1302//1 1301//1
f 321//1 641//1 1303//1
f 329//1 1304//1 649//1
f 329//1 1305//1 1304//1
f 330//1 650//1 1306//1
f 327//1 1307//1 967//1
f 327//1 1308//1 1307//1
f 328//1 648//1 1309//1
f 325//1 1310//1 965//1
f 325//1 1311//1 1310//1
f 326//1 646//1 1312//1
f 145//1 1313//1 465//1
f 145//1 1314//1 1313//1
f 301//1 621//1 1315//1
f 322//1 1316//1 962//1
f 322//1 1317//1 1316//1
f 323//1 963//1 1318//1
f 313//1 1319//1 953//1
f 313//1 1320//1 1319//1
f 315//1 635//1 1321//1
f 320//1 1322//1 960//1
f 320//1 1323//1 1322//1
f 321//1 961//1 1324//1
f 318//1 1325//1 958//1
f 318//1 1326//1 1325//1
f 319//1 639//1 1327//1
f 316//1 1328//1 956//1
f 316//1 1329//1 1328//1
f 317//1 637//1 1330//1
f 300//1 1331//1 620//1
f 300//1 1332//1 1331//1
f 142//1 462//1 1333//1
f 314//1 1334//1 954//1
f 314//1 1335//1 1334//1
f 315//1 955//1 1336//1
f 312//1 1337//1 952//1
f 312//1 1338//1 1337//1
f 313//1 953//1 1339//1
f 310//1 1340//1 950//1
f 310//1 1341//1 1340//1
f 311//1 631//1 1342//1
f 150//1 1343//1 470//1
f 150//1 1344//1 1343//1
f 298//1 618//1 1345//1
f 308//1 1346//1 948//1
f 308//1 1347//1 1346//1
f 292//1 932//1 1348//1
f 126//1 1349//1 766//1
f 126//1 1350//1 1349//1
f 147//1 467//1 1351//1
f 307//1 1352//1 627//1
f 307//1 1353//1 1352//1
f 155//1 475//1 1354//1
f 305//1 1355//1 625//1
f 305//1 1356//1 1355//1
f 163//1 803//1 1357//1
f 304//1 1358//1 624//1
f 304//1 1359//1 1358//1
f 173//1 493//1 1360//1
f 302//1 1361//1 622//1
f 302//1 1362//1 1361//1
f 186//1 826//1 1363//1
f 301//1 1364//1 621//1
f 301//1 1365//1 1364//1
f 202//1 522//1 1366//1
f 299//1 1367//1 619//1
f 299//1 1368//1 1367//1
f 221//1 861//1 1369//1
f 298//1 1370//1 618//1
f 298//1 1371//1 1370//1
f 243//1 563//1 1372//1
f 160//1 1373//1 480//1
f 160//1 1374//1 1373//1
f 297//1 937//1 1375//1
f 130//1 1376//1 450//1
f 130//1 1377//1 1376//1
f 296//1 616//1 1378//1
f 293//1 1379//1 613//1
f 293//1 1380//1 1379//1
f 294//1 934//1 1381//1
f 265//1 1382//1 905//1
f 265//1 1383//1 1382//1
f 285//1 925//1 1384//1
f 290//1 1385//1 610//1
f 290//1 1386//1 1385//1
f 291//1 611//1 1387//1
f 288//1 1388//1 608//1
f 288//1 1389//1 1388//1
f 289//1 609//1 1390//1
f 286//1 1391//1 606//1
f 286//1 1392//1 1391//1
f 287//1 607//1 1393//1
f 259//1 1394//1 579//1
f 259//1 1395//1 1394//1
f 279//1 919//1 1396//1
f 284//1 1397//1 604//1
f 284//1 1398//1 1397//1
f 285//1 605//1 1399//1
f 282//1 1400//1 602//1
f 282//1 1401//1 1400//1
f 283//1 603//1 1402//1
f 280//1 1403//1 600//1
f 280//1 1404//1 1403//1
f 281//1 601//1 1405//1
f 253//1 1406//1 573//1
f 253//1 1407//1 1406//1
f 273//1 913//1 1408//1
f 278//1 1409//1 598//1
f 278//1 1410//1 1409//1
f 279//1 599//1 1411//1
f 276//1 1412//1 596//1
f 276//1 1413//1 1412//1
f 277//1 597//1 1414//1
f 274//1 1415//1 594//1
f 274//1 1416//1 1415//1
f 275//1 595//1 1417//1
f 247//1 1418//1 567//1
f 247//1 1419//1 1418//1
f 267//1 907//1 1420//1
f 272//1 1421//1 592//1
f 272//1 1422//1 1421//1
f 273//1 593//1 1423//1
f 270//1 1424//1 590//1
f 270//1 1425//1 1424//1
f 271//1 591//1 1426//1
f 268//1 1427//1 588//1
f 268//1 1428//1 1427//1
f 269//1 589//1 1429//1
f 148//1 1430//1 468//1
f 148//1 1431//1 1430//1
f 125//1 445//1 1432//1
f 266//1 1433//1 586//1
f 266//1 1434//1 1433//1
f 267//1 587//1 1435//1
f 264//1 1436//1 904//1
f 264//1 1437//1 1436//1
f 265//1 905//1 1438//1
f 262//1 1439//1 902//1
f 262//1 1440//1 1439//1
f 263//1 583//1 1441//1
f 237//1 1442//1 557//1
f 237//1 1443//1 1442//1
f 255//1 575//1 1444//1
f 260//1 1445//1 580//1
f 260//1 1446//1 1445//1
f 261//1 901//1 1447//1
f 258//1 1448//1 898//1
f 258//1 1449//1 1448//1
f 259//1 579//1 1450//1
f 256//1 1451//1 896//1
f 256//1 1452//1 1451//1
f 257//1 577//1 1453//1
f 231//1 1454//1 551//1
f 231//1 1455//1 1454//1
f 249//1 569//1 1456//1
f 254//1 1457//1 894//1
f 254//1 1458//1 1457//1
f 255//1 895//1 1459//1
f 252//1 1460//1 892//1
f 252//1 1461//1 1460//1
f 253//1 573//1 1462//1
f 250//1 1463//1 890//1
f 250//1 1464//1 1463//1
f 251//1 571//1 1465//1
f 225//1 1466//1 545//1
f 225//1 1467//1 1466//1
f 239//1 559//1 1468//1
f 248//1 1469//1 888//1
f 248//1 1470//1 1469//1
f 249//1 889//1 1471//1
f 246//1 1472//1 886//1
f 246//1 1473//1 1472//1
f 247//1 567//1 1474//1
f 244//1 1475//1 884//1
f 244//1 1476//1 1475//1
f 245//1 565//1 1477//1
f 243//1 1478//1 563//1
f 243//1 1479//1 1478//1
f 149//1 469//1 1480//1
f 240//1 1481//1 880//1
f 240//1 1482//1 1481//1
f 241//1 881//1 1483//1
f 218//1 1484//1 858//1
f 218//1 1485//1 1484//1
f 233//1 553//1 1486//1
f 238//1 1487//1 878//1
f 238//1 1488//1 1487//1
f 239//1 879//1 1489//1
f 236//1 1490//1 876//1
f 236//1 1491//1 1490//1
f 237//1 557//1 1492//1
f 234//1 1493//1 874//1
f 234//1 1494//1 1493//1
f 235//1 555//1 1495//1
f 212//1 1496//1 532//1
f 212//1 1497//1 1496//1
f 227//1 547//1 1498//1
f 232//1 1499//1 872//1
f 232//1 1500//1 1499//1
f 233//1 873//1 1501//1
f 230//1 1502//1 870//1
f 230//1 1503//1 1502//1
f 231//1 551//1 1504//1
f 228//1 1505//1 868//1
f 228//1 1506//1 1505//1
f 229//1 549//1 1507//1
f 206//1 1508//1 526//1
f 206//1 1509//1 1508//1
f 220//1 540//1 1510//1
f 226//1 1511//1 866//1
f 226//1 1512//1 1511//1
f 227//1 867//1 1513//1
f 224//1 1514//1 864//1
f 224//1 1515//1 1514//1
f 225//1 545//1 1516//1
f 222//1 1517//1 862//1
f 222//1 1518//1 1517//1
f 223//1 543//1 1519//1
f 143//1 1520//1 463//1
f 143//1 1521//1 1520//1
f 221//1 541//1 1522//1
f 219//1 1523//1 859//1
f 219//1 1524//1 1523//1
f 220//1 860//1 1525//1
f 217//1 1526//1 857//1
f 217//1 1527//1 1526//1
f 218//1 858//1 1528//1
f 215//1 1529//1 855//1
f 215//1 1530//1 1529//1
f 216//1 536//1 1531//1
f 196//1 1532//1 516//1
f 196//1 1533//1 1532//1
f 208//1 528//1 1534//1
f 213//1 1535//1 533//1
f 213//1 1536//1 1535//1
f 214//1 854//1 1537//1
f 211//1 1538//1 851//1
f 211//1 1539//1 1538//1
f 212//1 532//1 1540//1
f 209//1 1541//1 849//1
f 209//1 1542//1 1541//1
f 210//1 530//1 1543//1
f 190//1 1544//1 510//1
f 190//1 1545//1 1544//1
f 198//1 518//1 1546//1
f 207//1 1547//1 847//1
f 207//1 1548//1 1547//1
f 208//1 848//1 1549//1
f 205//1 1550//1 845//1
f 205//1 1551//1 1550//1
f 206//1 526//1 1552//1
f 203//1 1553//1 843//1
f 203//1 1554//1 1553//1
f 204//1 524//1 1555//1
f 202//1 1556//1 522//1
f 202//1 1557//1 1556//1
f 144//1 464//1 1558//1
f 199//1 1559//1 839//1
f 199//1 1560//1 1559//1
f 200//1 840//1 1561//1
f 183//1 1562//1 823//1
f 183//1 1563//1 1562//1
f 192//1 512//1 1564//1
f 197//1 1565//1 837//1
f 197//1 1566//1 1565//1
f 198//1 838//1 1567//1
f 195//1 1568//1 835//1
f 195//1 1569//1 1568//1
f 196//1 516//1 1570//1
f 193//1 1571//1 833//1
f 193//1 1572//1 1571//1
f 194//1 514//1 1573//1
f 177//1 1574//1 497//1
f 177//1 1575//1 1574//1
f 185//1 505//1 1576//1
f 191//1 1577//1 831//1
f 191//1 1578//1 1577//1
f 192//1 832//1 1579//1
f 189//1 1580//1 829//1
f 189//1 1581//1 1580//1
f 190//1 510//1 1582//1
f 187//1 1583//1 827//1
f 187//1 1584//1 1583//1
f 188//1 508//1 1585//1
f 138//1 1586//1 458//1
f 138//1 1587//1 1586//1
f 186//1 506//1 1588//1
f 184//1 1589//1 824//1
f 184//1 1590//1 1589//1
f 185//1 825//1 1591//1
f 182//1 1592//1 822//1
f 182//1 1593//1 1592//1
f 183//1 823//1 1594//1
f 180//1 1595//1 820//1
f 180//1 1596//1 1595//1
f 181//1 501//1 1597//1
f 167//1 1598//1 487//1
f 167//1 1599//1 1598//1
f 169//1 489//1 1600//1
f 178//1 1601//1 498//1
f 178//1 1602//1 1601//1
f 179//1 819//1 1603//1
f 176//1 1604//1 816//1
f 176//1 1605//1 1604//1
f 177//1 497//1 1606//1
f 174//1 1607//1 814//1
f 174//1 1608//1 1607//1
f 175//1 495//1 1609//1
f 173//1 1610//1 493//1
f 173//1 1611//1 1610//1
f 139//1 459//1 1612//1
f 170//1 1613//1 810//1
f 170//1 1614//1 1613//1
f 171//1 811//1 1615//1
f 159//1 1616//1 799//1
f 159//1 1617//1 1616//1
f 162//1 482//1 1618//1
f 168//1 1619//1 808//1
f 168//1 1620//1 1619//1
f 169//1 809//1 1621//1
f 166//1 1622//1 806//1
f 166//1 1623//1 1622//1
f 167//1 487//1 1624//1
f 164//1 1625//1 804//1
f 164//1 1626//1 1625//1
f 165//1 485//1 1627//1
f 133//1 1628//1 453//1
f 133//1 1629//1 1628//1
f 163//1 483//1 1630//1
f 161//1 1631//1 801//1
f 161//1 1632//1 1631//1
f 162//1 802//1 1633//1
f 158//1 1634//1 798//1
f 158//1 1635//1 1634//1
f 159//1 799//1 1636//1
f 156//1 1637//1 796//1
f 156//1 1638//1 1637//1
f 157//1 477//1 1639//1
f 155//1 1640//1 475//1
f 155//1 1641//1 1640//1
f 134//1 454//1 1642//1
f 152//1 1643//1 792//1
f 152//1 1644//1 1643//1
f 153//1 793//1 1645//1
f 151//1 1646//1 471//1
f 151//1 1647//1 1646//1
f 123//1 443//1 1648//1
f 149//1 1649//1 469//1
f 149//1 1650//1 1649//1
f 150//1 470//1 1651//1
f 146//1 1652//1 786//1
f 146//1 1653//1 1652//1
f 147//1 787//1 1654//1
f 144//1 1655//1 464//1
f 144//1 1656//1 1655//1
f 145//1 465//1 1657//1
f 141//1 1658//1 781//1
f 141//1 1659//1 1658//1
f 142//1 782//1 1660//1
f 139//1 1661//1 459//1
f 139//1 1662//1 1661//1
f 140//1 460//1 1663//1
f 136//1 1664//1 776//1
f 136//1 1665//1 1664//1
f 137//1 777//1 1666//1
f 134//1 1667//1 454//1
f 134//1 1668//1 1667//1
f 135//1 455//1 1669//1
f 131//1 1670//1 771//1
f 131//1 1671//1 1670//1
f 132//1 772//1 1672//1
f 128//1 1673//1 448//1
f 128//1 1674//1 1673//1
f 129//1 449//1 1675//1
f 125//1 1676//1 445//1
f 125//1 1677//1 1676//1
f 126//1 766//1 1678//1
f 122//1 1679//1 442//1
f 122//1 1680//1 1679//1
f 123//1 763//1 1681//1
f 1681//1 764//1 124//1
f 1681//1 763//1 764//1
f 763//1 23//1 764//1
f 1679//1 1681//1 124//1
f 1679//1 1680//1 1681//1
f 1680//1 123//1 1681//1
f 442//1 444//1 114//1
f 442//1 1679//1 444//1
f 1679//1 124//1 444//1
f 1678//1 767//1 127//1
f 1678//1 766//1 767//1
f 766//1 13//1 767//1
f 1676//1 1678//1 127//1
f 1676//1 1677//1 1678//1
f 1677//1 126//1 1678//1
f 445//1 447//1 32//1
f 445//1 1676//1 447//1
f 1676//1 127//1 447//1
f 1675//1 770//1 130//1
f 1675//1 449//1 770//1
f 449//1 14//1 770//1
f 1673//1 1675//1 130//1
f 1673//1 1674//1 1675//1
f 1674//1 129//1 1675//1
f 448//1 450//1 41//1
f 448//1 1673//1 450//1
f 1673//1 130//1 450//1
f 1672//1 773//1 133//1
f 1672//1 772//1 773//1
f 772//1 25//1 773//1
f 1670//1 1672//1 133//1
f 1670//1 1671//1 1672//1
f 1671//1 132//1 1672//1
f 771//1 453//1 51//1
f 771//1 1670//1 453//1
f 1670//1 133//1 453//1
f 1669//1 451//1 131//1
f 1669//1 455//1 451//1
f 455//1 107//1 451//1
f 1667//1 1669//1 131//1
f 1667//1 1668//1 1669//1
f 1668//1 135//1 1669//1
f 454//1 771//1 51//1
f 454//1 1667//1 771//1
f 1667//1 131//1 771//1
f 1666//1 778//1 138//1
f 1666//1 777//1 778//1
f 777//1 27//1 778//1
f 1664//1 1666//1 138//1
f 1664//1 1665//1 1666//1
f 1665//1 137//1 1666//1
f 776//1 458//1 56//1
f 776//1 1664//1 458//1
f 1664//1 138//1 458//1
f 1663//1 456//1 136//1
f 1663//1 460//1 456//1
f 460//1 96//1 456//1
f 1661//1 1663//1 136//1
f 1661//1 1662//1 1663//1
f 1662//1 140//1 1663//1
f 459//1 776//1 56//1
f 459//1 1661//1 776//1
f 1661//1 136//1 776//1
f 1660//1 783//1 143//1
f 1660//1 782//1 783//1
f 782//1 29//1 783//1
f 1658//1 1660//1 143//1
f 1658//1 1659//1 1660//1
f 1659//1 142//1 1660//1
f 781//1 463//1 65//1
f 781//1 1658//1 463//1
f 1658//1 143//1 463//1
f 1657//1 461//1 141//1
f 1657//1 465//1 461//1
f 465//1 89//1 461//1
f 1655//1 1657//1 141//1
f 1655//1 1656//1 1657//1
f 1656//1 145//1 1657//1
f 464//1 781//1 65//1
f 464//1 1655//1 781//1
f 1655//1 141//1 781//1
f 1654//1 788//1 148//1
f 1654//1 787//1 788//1
f 787//1 31//1 788//1
f 1652//1 1654//1 148//1
f 1652//1 1653//1 1654//1
f 1653//1 147//1 1654//1
f 786//1 468//1 78//1
f 786//1 1652//1 468//1
f 1652//1 148//1 468//1
f 1651//1 466//1 146//1
f 1651//1 470//1 466//1
f 470//1 86//1 466//1
f 1649//1 1651//1 146//1
f 1649//1 1650//1 1651//1
f 1650//1 150//1 1651//1
f 469//1 786//1 78//1
f 469//1 1649//1 786//1
f 1649//1 146//1 786//1
f 1648//1 472//1 152//1
f 1648//1 443//1 472//1
f 443//1 50//1 472//1
f 1646//1 1648//1 152//1
f 1646//1 1647//1 1648//1
f 1647//1 123//1 1648//1
f 471//1 792//1 41//1
f 471//1 1646//1 792//1
f 1646//1 152//1 792//1
f 1645//1 474//1 154//1
f 1645//1 793//1 474//1
f 793//1 42//1 474//1
f 1643//1 1645//1 154//1
f 1643//1 1644//1 1645//1
f 1644//1 153//1 1645//1
f 792//1 794//1 41//1
f 792//1 1643//1 794//1
f 1643//1 154//1 794//1
f 1642//1 476//1 156//1
f 1642//1 454//1 476//1
f 454//1 51//1 476//1
f 1640//1 1642//1 156//1
f 1640//1 1641//1 1642//1
f 1641//1 134//1 1642//1
f 475//1 796//1 50//1
f 475//1 1640//1 796//1
f 1640//1 156//1 796//1
f 1639//1 478//1 158//1
f 1639//1 477//1 478//1
f 477//1 52//1 478//1
f 1637//1 1639//1 158//1
f 1637//1 1638//1 1639//1
f 1638//1 157//1 1639//1
f 796//1 798//1 50//1
f 796//1 1637//1 798//1
f 1637//1 158//1 798//1
f 1636//1 800//1 160//1
f 1636//1 799//1 800//1
f 799//1 43//1 800//1
f 1634//1 1636//1 160//1
f 1634//1 1635//1 1636//1
f 1635//1 159//1 1636//1
f 798//1 480//1 50//1
f 798//1 1634//1 480//1
f 1634//1 160//1 480//1
f 1633//1 477//1 157//1
f 1633//1 802//1 477//1
f 802//1 52//1 477//1
f 1631//1 1633//1 157//1
f 1631//1 1632//1 1633//1
f 1632//1 162//1 1633//1
f 801//1 797//1 51//1
f 801//1 1631//1 797//1
f 1631//1 157//1 797//1
f 1630//1 484//1 164//1
f 1630//1 483//1 484//1
f 483//1 53//1 484//1
f 1628//1 1630//1 164//1
f 1628//1 1629//1 1630//1
f 1629//1 163//1 1630//1
f 453//1 804//1 51//1
f 453//1 1628//1 804//1
f 1628//1 164//1 804//1
f 1627//1 486//1 166//1
f 1627//1 485//1 486//1
f 485//1 54//1 486//1
f 1625//1 1627//1 166//1
f 1625//1 1626//1 1627//1
f 1626//1 165//1 1627//1
f 804//1 806//1 51//1
f 804//1 1625//1 806//1
f 1625//1 166//1 806//1
f 1624//1 481//1 161//1
f 1624//1 487//1 481//1
f 487//1 55//1 481//1
f 1622//1 1624//1 161//1
f 1622//1 1623//1 1624//1
f 1623//1 167//1 1624//1
f 806//1 801//1 51//1
f 806//1 1622//1 801//1
f 1622//1 161//1 801//1
f 1621//1 485//1 165//1
f 1621//1 809//1 485//1
f 809//1 54//1 485//1
f 1619//1 1621//1 165//1
f 1619//1 1620//1 1621//1
f 1620//1 169//1 1621//1
f 808//1 805//1 53//1
f 808//1 1619//1 805//1
f 1619//1 165//1 805//1
f 1618//1 490//1 170//1
f 1618//1 482//1 490//1
f 482//1 55//1 490//1
f 1616//1 1618//1 170//1
f 1616//1 1617//1 1618//1
f 1617//1 162//1 1618//1
f 799//1 810//1 43//1
f 799//1 1616//1 810//1
f 1616//1 170//1 810//1
f 1615//1 492//1 172//1
f 1615//1 811//1 492//1
f 811//1 44//1 492//1
f 1613//1 1615//1 172//1
f 1613//1 1614//1 1615//1
f 1614//1 171//1 1615//1
f 810//1 812//1 43//1
f 810//1 1613//1 812//1
f 1613//1 172//1 812//1
f 1612//1 494//1 174//1
f 1612//1 459//1 494//1
f 459//1 56//1 494//1
f 1610//1 1612//1 174//1
f 1610//1 1611//1 1612//1
f 1611//1 139//1 1612//1
f 493//1 814//1 53//1
f 493//1 1610//1 814//1
f 1610//1 174//1 814//1
f 1609//1 496//1 176//1
f 1609//1 495//1 496//1
f 495//1 57//1 496//1
f 1607//1 1609//1 176//1
f 1607//1 1608//1 1609//1
f 1608//1 175//1 1609//1
f 814//1 816//1 53//1
f 814//1 1607//1 816//1
f 1607//1 176//1 816//1
f 1606//1 488//1 168//1
f 1606//1 497//1 488//1
f 497//1 58//1 488//1
f 1604//1 1606//1 168//1
f 1604//1 1605//1 1606//1
f 1605//1 177//1 1606//1
f 816//1 808//1 53//1
f 816//1 1604//1 808//1
f 1604//1 168//1 808//1
f 1603//1 811//1 171//1
f 1603//1 819//1 811//1
f 819//1 44//1 811//1
f 1601//1 1603//1 171//1
f 1601//1 1602//1 1603//1
f 1602//1 179//1 1603//1
f 498//1 491//1 55//1
f 498//1 1601//1 491//1
f 1601//1 171//1 491//1
f 1600//1 500//1 180//1
f 1600//1 489//1 500//1
f 489//1 58//1 500//1
f 1598//1 1600//1 180//1
f 1598//1 1599//1 1600//1
f 1599//1 169//1 1600//1
f 487//1 820//1 55//1
f 487//1 1598//1 820//1
f 1598//1 180//1 820//1
f 1597//1 502//1 182//1
f 1597//1 501//1 502//1
f 501//1 59//1 502//1
f 1595//1 1597//1 182//1
f 1595//1 1596//1 1597//1
f 1596//1 181//1 1597//1
f 820//1 822//1 55//1
f 820//1 1595//1 822//1
f 1595//1 182//1 822//1
f 1594//1 818//1 178//1
f 1594//1 823//1 818//1
f 823//1 45//1 818//1
f 1592//1 1594//1 178//1
f 1592//1 1593//1 1594//1
f 1593//1 183//1 1594//1
f 822//1 498//1 55//1
f 822//1 1592//1 498//1
f 1592//1 178//1 498//1
f 1591//1 495//1 175//1
f 1591//1 825//1 495//1
f 825//1 57//1 495//1
f 1589//1 1591//1 175//1
f 1589//1 1590//1 1591//1
f 1590//1 185//1 1591//1
f 824//1 815//1 56//1
f 824//1 1589//1 815//1
f 1589//1 175//1 815//1
f 1588//1 507//1 187//1
f 1588//1 506//1 507//1
f 506//1 60//1 507//1
f 1586//1 1588//1 187//1
f 1586//1 1587//1 1588//1
f 1587//1 186//1 1588//1
f 458//1 827//1 56//1
f 458//1 1586//1 827//1
f 1586//1 187//1 827//1
f 1585//1 509//1 189//1
f 1585//1 508//1 509//1
f 508//1 61//1 509//1
f 1583//1 1585//1 189//1
f 1583//1 1584//1 1585//1
f 1584//1 188//1 1585//1
f 827//1 829//1 56//1
f 827//1 1583//1 829//1
f 1583//1 189//1 829//1
f 1582//1 504//1 184//1
f 1582//1 510//1 504//1
f 510//1 62//1 504//1
f 1580//1 1582//1 184//1
f 1580//1 1581//1 1582//1
f 1581//1 190//1 1582//1
f 829//1 824//1 56//1
f 829//1 1580//1 824//1
f 1580//1 184//1 824//1
f 1579//1 501//1 181//1
f 1579//1 832//1 501//1
f 832//1 59//1 501//1
f 1577//1 1579//1 181//1
f 1577//1 1578//1 1579//1
f 1578//1 192//1 1579//1
f 831//1 821//1 58//1
f 831//1 1577//1 821//1
f 1577//1 181//1 821//1
f 1576//1 513//1 193//1
f 1576//1 505//1 513//1
f 505//1 62//1 513//1
f 1574//1 1576//1 193//1
f 1574//1 1575//1 1576//1
f 1575//1 185//1 1576//1
f 497//1 833//1 58//1
f 497//1 1574//1 833//1
f 1574//1 193//1 833//1
f 1573//1 515//1 195//1
f 1573//1 514//1 515//1
f 514//1 63//1 515//1
f 1571//1 1573//1 195//1
f 1571//1 1572//1 1573//1
f 1572//1 194//1 1573//1
f 833//1 835//1 58//1
f 833//1 1571//1 835//1
f 1571//1 195//1 835//1
f 1570//1 511//1 191//1
f 1570//1 516//1 511//1
f 516//1 64//1 511//1
f 1568//1 1570//1 191//1
f 1568//1 1569//1 1570//1
f 1569//1 196//1 1570//1
f 835//1 831//1 58//1
f 835//1 1568//1 831//1
f 1568//1 191//1 831//1
f 1567//1 508//1 188//1
f 1567//1 838//1 508//1
f 838//1 61//1 508//1
f 1565//1 1567//1 188//1
f 1565//1 1566//1 1567//1
f 1566//1 198//1 1567//1
f 837//1 828//1 60//1
f 837//1 1565//1 828//1
f 1565//1 188//1 828//1
f 1564//1 519//1 199//1
f 1564//1 512//1 519//1
f 512//1 64//1 519//1
f 1562//1 1564//1 199//1
f 1562//1 1563//1 1564//1
f 1563//1 192//1 1564//1
f 823//1 839//1 45//1
f 823//1 1562//1 839//1
f 1562//1 199//1 839//1
f 1561//1 521//1 201//1
f 1561//1 840//1 521//1
f 840//1 46//1 521//1
f 1559//1 1561//1 201//1
f 1559//1 1560//1 1561//1
f 1560//1 200//1 1561//1
f 839//1 841//1 45//1
f 839//1 1559//1 841//1
f 1559//1 201//1 841//1
f 1558//1 523//1 203//1
f 1558//1 464//1 523//1
f 464//1 65//1 523//1
f 1556//1 1558//1 203//1
f 1556//1 1557//1 1558//1
f 1557//1 144//1 1558//1
f 522//1 843//1 60//1
f 522//1 1556//1 843//1
f 1556//1 203//1 843//1
f 1555//1 525//1 205//1
f 1555//1 524//1 525//1
f 524//1 66//1 525//1
f 1553//1 1555//1 205//1
f 1553//1 1554//1 1555//1
f 1554//1 204//1 1555//1
f 843//1 845//1 60//1
f 843//1 1553//1 845//1
f 1553//1 205//1 845//1
f 1552//1 517//1 197//1
f 1552//1 526//1 517//1
f 526//1 67//1 517//1
f 1550//1 1552//1 197//1
f 1550//1 1551//1 1552//1
f 1551//1 206//1 1552//1
f 845//1 837//1 60//1
f 845//1 1550//1 837//1
f 1550//1 197//1 837//1
f 1549//1 514//1 194//1
f 1549//1 848//1 514//1
f 848//1 63//1 514//1
f 1547//1 1549//1 194//1
f 1547//1 1548//1 1549//1
f 1548//1 208//1 1549//1
f 847//1 834//1 62//1
f 847//1 1547//1 834//1
f 1547//1 194//1 834//1
f 1546//1 529//1 209//1
f 1546//1 518//1 529//1
f 518//1 67//1 529//1
f 1544//1 1546//1 209//1
f 1544//1 1545//1 1546//1
f 1545//1 198//1 1546//1
f 510//1 849//1 62//1
f 510//1 1544//1 849//1
f 1544//1 209//1 849//1
f 1543//1 531//1 211//1
f 1543//1 530//1 531//1
f 530//1 68//1 531//1
f 1541//1 1543//1 211//1
f 1541//1 1542//1 1543//1
f 1542//1 210//1 1543//1
f 849//1 851//1 62//1
f 849//1 1541//1 851//1
f 1541//1 211//1 851//1
f 1540//1 527//1 207//1
f 1540//1 532//1 527//1
f 532//1 69//1 527//1
f 1538//1 1540//1 207//1
f 1538//1 1539//1 1540//1
f 1539//1 212//1 1540//1
f 851//1 847//1 62//1
f 851//1 1538//1 847//1
f 1538//1 207//1 847//1
f 1537//1 840//1 200//1
f 1537//1 854//1 840//1
f 854//1 46//1 840//1
f 1535//1 1537//1 200//1
f 1535//1 1536//1 1537//1
f 1536//1 214//1 1537//1
f 533//1 520//1 64//1
f 533//1 1535//1 520//1
f 1535//1 200//1 520//1
f 1534//1 535//1 215//1
f 1534//1 528//1 535//1
f 528//1 69//1 535//1
f 1532//1 1534//1 215//1
f 1532//1 1533//1 1534//1
f 1533//1 208//1 1534//1
f 516//1 855//1 64//1
f 516//1 1532//1 855//1
f 1532//1 215//1 855//1
f 1531//1 537//1 217//1
f 1531//1 536//1 537//1
f 536//1 70//1 537//1
f 1529//1 1531//1 217//1
f 1529//1 1530//1 1531//1
f 1530//1 216//1 1531//1
f 855//1 857//1 64//1
f 855//1 1529//1 857//1
f 1529//1 217//1 857//1
f 1528//1 853//1 213//1
f 1528//1 858//1 853//1
f 858//1 47//1 853//1
f 1526//1 1528//1 213//1
f 1526//1 1527//1 1528//1
f 1527//1 218//1 1528//1
f 857//1 533//1 64//1
f 857//1 1526//1 533//1
f 1526//1 213//1 533//1
f 1525//1 524//1 204//1
f 1525//1 860//1 524//1
f 860//1 66//1 524//1
f 1523//1 1525//1 204//1
f 1523//1 1524//1 1525//1
f 1524//1 220//1 1525//1
f 859//1 844//1 65//1
f 859//1 1523//1 844//1
f 1523//1 204//1 844//1
f 1522//1 542//1 222//1
f 1522//1 541//1 542//1
f 541//1 71//1 542//1
f 1520//1 1522//1 222//1
f 1520//1 1521//1 1522//1
f 1521//1 221//1 1522//1
f 463//1 862//1 65//1
f 463//1 1520//1 862//1
f 1520//1 222//1 862//1
f 1519//1 544//1 224//1
f 1519//1 543//1 544//1
f 543//1 72//1 544//1
f 1517//1 1519//1 224//1
f 1517//1 1518//1 1519//1
f 1518//1 223//1 1519//1
f 862//1 864//1 65//1
f 862//1 1517//1 864//1
f 1517//1 224//1 864//1
f 1516//1 539//1 219//1
f 1516//1 545//1 539//1
f 545//1 73//1 539//1
f 1514//1 1516//1 219//1
f 1514//1 1515//1 1516//1
f 1515//1 225//1 1516//1
f 864//1 859//1 65//1
f 864//1 1514//1 859//1
f 1514//1 219//1 859//1
f 1513//1 530//1 210//1
f 1513//1 867//1 530//1
f 867//1 68//1 530//1
f 1511//1 1513//1 210//1
f 1511//1 1512//1 1513//1
f 1512//1 227//1 1513//1
f 866//1 850//1 67//1
f 866//1 1511//1 850//1
f 1511//1 210//1 850//1
f 1510//1 548//1 228//1
f 1510//1 540//1 548//1
f 540//1 73//1 548//1
f 1508//1 1510//1 228//1
f 1508//1 1509//1 1510//1
f 1509//1 220//1 1510//1
f 526//1 868//1 67//1
f 526//1 1508//1 868//1
f 1508//1 228//1 868//1
f 1507//1 550//1 230//1
f 1507//1 549//1 550//1
f 549//1 74//1 550//1
f 1505//1 1507//1 230//1
f 1505//1 1506//1 1507//1
f 1506//1 229//1 1507//1
f 868//1 870//1 67//1
f 868//1 1505//1 870//1
f 1505//1 230//1 870//1
f 1504//1 546//1 226//1
f 1504//1 551//1 546//1
f 551//1 75//1 546//1
f 1502//1 1504//1 226//1
f 1502//1 1503//1 1504//1
f 1503//1 231//1 1504//1
f 870//1 866//1 67//1
f 870//1 1502//1 866//1
f 1502//1 226//1 866//1
f 1501//1 536//1 216//1
f 1501//1 873//1 536//1
f 873//1 70//1 536//1
f 1499//1 1501//1 216//1
f 1499//1 1500//1 1501//1
f 1500//1 233//1 1501//1
f 872//1 856//1 69//1
f 872//1 1499//1 856//1
f 1499//1 216//1 856//1
f 1498//1 554//1 234//1
f 1498//1 547//1 554//1
f 547//1 75//1 554//1
f 1496//1 1498//1 234//1
f 1496//1 1497//1 1498//1
f 1497//1 227//1 1498//1
f 532//1 874//1 69//1
f 532//1 1496//1 874//1
f 1496//1 234//1 874//1
f 1495//1 556//1 236//1
f 1495//1 555//1 556//1
f 555//1 76//1 556//1
f 1493//1 1495//1 236//1
f 1493//1 1494//1 1495//1
f 1494//1 235//1 1495//1
f 874//1 876//1 69//1
f 874//1 1493//1 876//1
f 1493//1 236//1 876//1
f 1492//1 552//1 232//1
f 1492//1 557//1 552//1
f 557//1 77//1 552//1
f 1490//1 1492//1 232//1
f 1490//1 1491//1 1492//1
f 1491//1 237//1 1492//1
f 876//1 872//1 69//1
f 876//1 1490//1 872//1
f 1490//1 232//1 872//1
f 1489//1 543//1 223//1
f 1489//1 879//1 543//1
f 879//1 72//1 543//1
f 1487//1 1489//1 223//1
f 1487//1 1488//1 1489//1
f 1488//1 239//1 1489//1
f 878//1 863//1 71//1
f 878//1 1487//1 863//1
f 1487//1 223//1 863//1
f 1486//1 560//1 240//1
f 1486//1 553//1 560//1
f 553//1 77//1 560//1
f 1484//1 1486//1 240//1
f 1484//1 1485//1 1486//1
f 1485//1 233//1 1486//1
f 858//1 880//1 47//1
f 858//1 1484//1 880//1
f 1484//1 240//1 880//1
f 1483//1 562//1 242//1
f 1483//1 881//1 562//1
f 881//1 48//1 562//1
f 1481//1 1483//1 242//1
f 1481//1 1482//1 1483//1
f 1482//1 241//1 1483//1
f 880//1 882//1 47//1
f 880//1 1481//1 882//1
f 1481//1 242//1 882//1
f 1480//1 564//1 244//1
f 1480//1 469//1 564//1
f 469//1 78//1 564//1
f 1478//1 1480//1 244//1
f 1478//1 1479//1 1480//1
f 1479//1 149//1 1480//1
f 563//1 884//1 71//1
f 563//1 1478//1 884//1
f 1478//1 244//1 884//1
f 1477//1 566//1 246//1
f 1477//1 565//1 566//1
f 565//1 79//1 566//1
f 1475//1 1477//1 246//1
f 1475//1 1476//1 1477//1
f 1476//1 245//1 1477//1
f 884//1 886//1 71//1
f 884//1 1475//1 886//1
f 1475//1 246//1 886//1
f 1474//1 558//1 238//1
f 1474//1 567//1 558//1
f 567//1 80//1 558//1
f 1472//1 1474//1 238//1
f 1472//1 1473//1 1474//1
f 1473//1 247//1 1474//1
f 886//1 878//1 71//1
f 886//1 1472//1 878//1
f 1472//1 238//1 878//1
f 1471//1 549//1 229//1
f 1471//1 889//1 549//1
f 889//1 74//1 549//1
f 1469//1 1471//1 229//1
f 1469//1 1470//1 1471//1
f 1470//1 249//1 1471//1
f 888//1 869//1 73//1
f 888//1 1469//1 869//1
f 1469//1 229//1 869//1
f 1468//1 570//1 250//1
f 1468//1 559//1 570//1
f 559//1 80//1 570//1
f 1466//1 1468//1 250//1
f 1466//1 1467//1 1468//1
f 1467//1 239//1 1468//1
f 545//1 890//1 73//1
f 545//1 1466//1 890//1
f 1466//1 250//1 890//1
f 1465//1 572//1 252//1
f 1465//1 571//1 572//1
f 571//1 81//1 572//1
f 1463//1 1465//1 252//1
f 1463//1 1464//1 1465//1
f 1464//1 251//1 1465//1
f 890//1 892//1 73//1
f 890//1 1463//1 892//1
f 1463//1 252//1 892//1
f 1462//1 568//1 248//1
f 1462//1 573//1 568//1
f 573//1 82//1 568//1
f 1460//1 1462//1 248//1
f 1460//1 1461//1 1462//1
f 1461//1 253//1 1462//1
f 892//1 888//1 73//1
f 892//1 1460//1 888//1
f 1460//1 248//1 888//1
f 1459//1 555//1 235//1
f 1459//1 895//1 555//1
f 895//1 76//1 555//1
f 1457//1 1459//1 235//1
f 1457//1 1458//1 1459//1
f 1458//1 255//1 1459//1
f 894//1 875//1 75//1
f 894//1 1457//1 875//1
f 1457//1 235//1 875//1
f 1456//1 576//1 256//1
f 1456//1 569//1 576//1
f 569//1 82//1 576//1
f 1454//1 1456//1 256//1
f 1454//1 1455//1 1456//1
f 1455//1 249//1 1456//1
f 551//1 896//1 75//1
f 551//1 1454//1 896//1
f 1454//1 256//1 896//1
f 1453//1 578//1 258//1
f 1453//1 577//1 578//1
f 577//1 83//1 578//1
f 1451//1 1453//1 258//1
f 1451//1 1452//1 1453//1
f 1452//1 257//1 1453//1
f 896//1 898//1 75//1
f 896//1 1451//1 898//1
f 1451//1 258//1 898//1
f 1450//1 574//1 254//1
f 1450//1 579//1 574//1
f 579//1 84//1 574//1
f 1448//1 1450//1 254//1
f 1448//1 1449//1 1450//1
f 1449//1 259//1 1450//1
f 898//1 894//1 75//1
f 898//1 1448//1 894//1
f 1448//1 254//1 894//1
f 1447//1 881//1 241//1
f 1447//1 901//1 881//1
f 901//1 48//1 881//1
f 1445//1 1447//1 241//1
f 1445//1 1446//1 1447//1
f 1446//1 261//1 1447//1
f 580//1 561//1 77//1
f 580//1 1445//1 561//1
f 1445//1 241//1 561//1
f 1444//1 582//1 262//1
f 1444//1 575//1 582//1
f 575//1 84//1 582//1
f 1442//1 1444//1 262//1
f 1442//1 1443//1 1444//1
f 1443//1 255//1 1444//1
f 557//1 902//1 77//1
f 557//1 1442//1 902//1
f 1442//1 262//1 902//1
f 1441//1 584//1 264//1
f 1441//1 583//1 584//1
f 583//1 85//1 584//1
f 1439//1 1441//1 264//1
f 1439//1 1440//1 1441//1
f 1440//1 263//1 1441//1
f 902//1 904//1 77//1
f 902//1 1439//1 904//1
f 1439//1 264//1 904//1
f 1438//1 900//1 260//1
f 1438//1 905//1 900//1
f 905//1 49//1 900//1
f 1436//1 1438//1 260//1
f 1436//1 1437//1 1438//1
f 1437//1 265//1 1438//1
f 904//1 580//1 77//1
f 904//1 1436//1 580//1
f 1436//1 260//1 580//1
f 1435//1 565//1 245//1
f 1435//1 587//1 565//1
f 587//1 79//1 565//1
f 1433//1 1435//1 245//1
f 1433//1 1434//1 1435//1
f 1434//1 267//1 1435//1
f 586//1 885//1 78//1
f 586//1 1433//1 885//1
f 1433//1 245//1 885//1
f 1432//1 908//1 268//1
f 1432//1 445//1 908//1
f 445//1 32//1 908//1
f 1430//1 1432//1 268//1
f 1430//1 1431//1 1432//1
f 1431//1 125//1 1432//1
f 468//1 588//1 78//1
f 468//1 1430//1 588//1
f 1430//1 268//1 588//1
f 1429//1 910//1 270//1
f 1429//1 589//1 910//1
f 589//1 33//1 910//1
f 1427//1 1429//1 270//1
f 1427//1 1428//1 1429//1
f 1428//1 269//1 1429//1
f 588//1 590//1 78//1
f 588//1 1427//1 590//1
f 1427//1 270//1 590//1
f 1426//1 906//1 266//1
f 1426//1 591//1 906//1
f 591//1 34//1 906//1
f 1424//1 1426//1 266//1
f 1424//1 1425//1 1426//1
f 1425//1 271//1 1426//1
f 590//1 586//1 78//1
f 590//1 1424//1 586//1
f 1424//1 266//1 586//1
f 1423//1 571//1 251//1
f 1423//1 593//1 571//1
f 593//1 81//1 571//1
f 1421//1 1423//1 251//1
f 1421//1 1422//1 1423//1
f 1422//1 273//1 1423//1
f 592//1 891//1 80//1
f 592//1 1421//1 891//1
f 1421//1 251//1 891//1
f 1420//1 914//1 274//1
f 1420//1 907//1 914//1
f 907//1 34//1 914//1
f 1418//1 1420//1 274//1
f 1418//1 1419//1 1420//1
f 1419//1 267//1 1420//1
f 567//1 594//1 80//1
f 567//1 1418//1 594//1
f 1418//1 274//1 594//1
f 1417//1 916//1 276//1
f 1417//1 595//1 916//1
f 595//1 35//1 916//1
f 1415//1 1417//1 276//1
f 1415//1 1416//1 1417//1
f 1416//1 275//1 1417//1
f 594//1 596//1 80//1
f 594//1 1415//1 596//1
f 1415//1 276//1 596//1
f 1414//1 912//1 272//1
f 1414//1 597//1 912//1
f 597//1 36//1 912//1
f 1412//1 1414//1 272//1
f 1412//1 1413//1 1414//1
f 1413//1 277//1 1414//1
f 596//1 592//1 80//1
f 596//1 1412//1 592//1
f 1412//1 272//1 592//1
f 1411//1 577//1 257//1
f 1411//1 599//1 577//1
f 599//1 83//1 577//1
f 1409//1 1411//1 257//1
f 1409//1 1410//1 1411//1
f 1410//1 279//1 1411//1
f 598//1 897//1 82//1
f 598//1 1409//1 897//1
f 1409//1 257//1 897//1
f 1408//1 920//1 280//1
f 1408//1 913//1 920//1
f 913//1 36//1 920//1
f 1406//1 1408//1 280//1
f 1406//1 1407//1 1408//1
f 1407//1 273//1 1408//1
f 573//1 600//1 82//1
f 573//1 1406//1 600//1
f 1406//1 280//1 600//1
f 1405//1 922//1 282//1
f 1405//1 601//1 922//1
f 601//1 37//1 922//1
f 1403//1 1405//1 282//1
f 1403//1 1404//1 1405//1
f 1404//1 281//1 1405//1
f 600//1 602//1 82//1
f 600//1 1403//1 602//1
f 1403//1 282//1 602//1
f 1402//1 918//1 278//1
f 1402//1 603//1 918//1
f 603//1 38//1 918//1
f 1400//1 1402//1 278//1
f 1400//1 1401//1 1402//1
f 1401//1 283//1 1402//1
f 602//1 598//1 82//1
f 602//1 1400//1 598//1
f 1400//1 278//1 598//1
f 1399//1 583//1 263//1
f 1399//1 605//1 583//1
f 605//1 85//1 583//1
f 1397//1 1399//1 263//1
f 1397//1 1398//1 1399//1
f 1398//1 285//1 1399//1
f 604//1 903//1 84//1
f 604//1 1397//1 903//1
f 1397//1 263//1 903//1
f 1396//1 926//1 286//1
f 1396//1 919//1 926//1
f 919//1 38//1 926//1
f 1394//1 1396//1 286//1
f 1394//1 1395//1 1396//1
f 1395//1 279//1 1396//1
f 579//1 606//1 84//1
f 579//1 1394//1 606//1
f 1394//1 286//1 606//1
f 1393//1 928//1 288//1
f 1393//1 607//1 928//1
f 607//1 39//1 928//1
f 1391//1 1393//1 288//1
f 1391//1 1392//1 1393//1
f 1392//1 287//1 1393//1
f 606//1 608//1 84//1
f 606//1 1391//1 608//1
f 1391//1 288//1 608//1
f 1390//1 924//1 284//1
f 1390//1 609//1 924//1
f 609//1 40//1 924//1
f 1388//1 1390//1 284//1
f 1388//1 1389//1 1390//1
f 1389//1 289//1 1390//1
f 608//1 604//1 84//1
f 608//1 1388//1 604//1
f 1388//1 284//1 604//1
f 1387//1 932//1 292//1
f 1387//1 611//1 932//1
f 611//1 12//1 932//1
f 1385//1 1387//1 292//1
f 1385//1 1386//1 1387//1
f 1386//1 291//1 1387//1
f 610//1 612//1 86//1
f 610//1 1385//1 612//1
f 1385//1 292//1 612//1
f 1384//1 933//1 293//1
f 1384//1 925//1 933//1
f 925//1 40//1 933//1
f 1382//1 1384//1 293//1
f 1382//1 1383//1 1384//1
f 1383//1 285//1 1384//1
f 905//1 613//1 49//1
f 905//1 1382//1 613//1
f 1382//1 293//1 613//1
f 1381//1 935//1 295//1
f 1381//1 934//1 935//1
f 934//1 4//1 935//1
f 1379//1 1381//1 295//1
f 1379//1 1380//1 1381//1
f 1380//1 294//1 1381//1
f 613//1 615//1 49//1
f 613//1 1379//1 615//1
f 1379//1 295//1 615//1
f 1378//1 791//1 151//1
f 1378//1 616//1 791//1
f 616//1 23//1 791//1
f 1376//1 1378//1 151//1
f 1376//1 1377//1 1378//1
f 1377//1 296//1 1378//1
f 450//1 471//1 41//1
f 450//1 1376//1 471//1
f 1376//1 151//1 471//1
f 1375//1 793//1 153//1
f 1375//1 937//1 793//1
f 937//1 42//1 793//1
f 1373//1 1375//1 153//1
f 1373//1 1374//1 1375//1
f 1374//1 297//1 1375//1
f 480//1 473//1 50//1
f 480//1 1373//1 473//1
f 1373//1 153//1 473//1
f 1372//1 939//1 299//1
f 1372//1 563//1 939//1
f 563//1 71//1 939//1
f 1370//1 1372//1 299//1
f 1370//1 1371//1 1372//1
f 1371//1 243//1 1372//1
f 618//1 619//1 87//1
f 618//1 1370//1 619//1
f 1370//1 299//1 619//1
f 1369//1 940//1 300//1
f 1369//1 861//1 940//1
f 861//1 29//1 940//1
f 1367//1 1369//1 300//1
f 1367//1 1368//1 1369//1
f 1368//1 221//1 1369//1
f 619//1 620//1 87//1
f 619//1 1367//1 620//1
f 1367//1 300//1 620//1
f 1366//1 942//1 302//1
f 1366//1 522//1 942//1
f 522//1 60//1 942//1
f 1364//1 1366//1 302//1
f 1364//1 1365//1 1366//1
f 1365//1 202//1 1366//1
f 621//1 622//1 92//1
f 621//1 1364//1 622//1
f 1364//1 302//1 622//1
f 1363//1 943//1 303//1
f 1363//1 826//1 943//1
f 826//1 27//1 943//1
f 1361//1 1363//1 303//1
f 1361//1 1362//1 1363//1
f 1362//1 186//1 1363//1
f 622//1 623//1 92//1
f 622//1 1361//1 623//1
f 1361//1 303//1 623//1
f 1360//1 945//1 305//1
f 1360//1 493//1 945//1
f 493//1 53//1 945//1
f 1358//1 1360//1 305//1
f 1358//1 1359//1 1360//1
f 1359//1 173//1 1360//1
f 624//1 625//1 101//1
f 624//1 1358//1 625//1
f 1358//1 305//1 625//1
f 1357//1 946//1 306//1
f 1357//1 803//1 946//1
f 803//1 25//1 946//1
f 1355//1 1357//1 306//1
f 1355//1 1356//1 1357//1
f 1356//1 163//1 1357//1
f 625//1 626//1 101//1
f 625//1 1355//1 626//1
f 1355//1 306//1 626//1
f 1354//1 762//1 122//1
f 1354//1 475//1 762//1
f 475//1 50//1 762//1
f 1352//1 1354//1 122//1
f 1352//1 1353//1 1354//1
f 1353//1 155//1 1354//1
f 627//1 442//1 114//1
f 627//1 1352//1 442//1
f 1352//1 122//1 442//1
f 1351//1 628//1 308//1
f 1351//1 467//1 628//1
f 467//1 86//1 628//1
f 1349//1 1351//1 308//1
f 1349//1 1350//1 1351//1
f 1350//1 147//1 1351//1
f 766//1 948//1 13//1
f 766//1 1349//1 948//1
f 1349//1 308//1 948//1
f 1348//1 949//1 309//1
f 1348//1 932//1 949//1
f 932//1 12//1 949//1
f 1346//1 1348//1 309//1
f 1346//1 1347//1 1348//1
f 1347//1 292//1 1348//1
f 948//1 629//1 13//1
f 948//1 1346//1 629//1
f 1346//1 309//1 629//1
f 1345//1 630//1 310//1
f 1345//1 618//1 630//1
f 618//1 87//1 630//1
f 1343//1 1345//1 310//1
f 1343//1 1344//1 1345//1
f 1344//1 298//1 1345//1
f 470//1 950//1 86//1
f 470//1 1343//1 950//1
f 1343//1 310//1 950//1
f 1342//1 632//1 312//1
f 1342//1 631//1 632//1
f 631//1 88//1 632//1
f 1340//1 1342//1 312//1
f 1340//1 1341//1 1342//1
f 1341//1 311//1 1342//1
f 950//1 952//1 86//1
f 950//1 1340//1 952//1
f 1340//1 312//1 952//1
f 1339//1 930//1 290//1
f 1339//1 953//1 930//1
f 953//1 11//1 930//1
f 1337//1 1339//1 290//1
f 1337//1 1338//1 1339//1
f 1338//1 313//1 1339//1
f 952//1 610//1 86//1
f 952//1 1337//1 610//1
f 1337//1 290//1 610//1
f 1336//1 631//1 311//1
f 1336//1 955//1 631//1
f 955//1 88//1 631//1
f 1334//1 1336//1 311//1
f 1334//1 1335//1 1336//1
f 1335//1 315//1 1336//1
f 954//1 951//1 87//1
f 954//1 1334//1 951//1
f 1334//1 311//1 951//1
f 1333//1 636//1 316//1
f 1333//1 462//1 636//1
f 462//1 89//1 636//1
f 1331//1 1333//1 316//1
f 1331//1 1332//1 1333//1
f 1332//1 142//1 1333//1
f 620//1 956//1 87//1
f 620//1 1331//1 956//1
f 1331//1 316//1 956//1
f 1330//1 638//1 318//1
f 1330//1 637//1 638//1
f 637//1 90//1 638//1
f 1328//1 1330//1 318//1
f 1328//1 1329//1 1330//1
f 1329//1 317//1 1330//1
f 956//1 958//1 87//1
f 956//1 1328//1 958//1
f 1328//1 318//1 958//1
f 1327//1 634//1 314//1
f 1327//1 639//1 634//1
f 639//1 91//1 634//1
f 1325//1 1327//1 314//1
f 1325//1 1326//1 1327//1
f 1326//1 319//1 1327//1
f 958//1 954//1 87//1
f 958//1 1325//1 954//1
f 1325//1 314//1 954//1
f 1324//1 637//1 317//1
f 1324//1 961//1 637//1
f 961//1 90//1 637//1
f 1322//1 1324//1 317//1
f 1322//1 1323//1 1324//1
f 1323//1 321//1 1324//1
f 960//1 957//1 89//1
f 960//1 1322//1 957//1
f 1322//1 317//1 957//1
f 1321//1 642//1 322//1
f 1321//1 635//1 642//1
f 635//1 91//1 642//1
f 1319//1 1321//1 322//1
f 1319//1 1320//1 1321//1
f 1320//1 315//1 1321//1
f 953//1 962//1 11//1
f 953//1 1319//1 962//1
f 1319//1 322//1 962//1
f 1318//1 964//1 324//1
f 1318//1 963//1 964//1
f 963//1 10//1 964//1
f 1316//1 1318//1 324//1
f 1316//1 1317//1 1318//1
f 1317//1 323//1 1318//1
f 962//1 644//1 11//1
f 962//1 1316//1 644//1
f 1316//1 324//1 644//1
f 1315//1 645//1 325//1
f 1315//1 621//1 645//1
f 621//1 92//1 645//1
f 1313//1 1315//1 325//1
f 1313//1 1314//1 1315//1
f 1314//1 301//1 1315//1
f 465//1 965//1 89//1
f 465//1 1313//1 965//1
f 1313//1 325//1 965//1
f 1312//1 647//1 327//1
f 1312//1 646//1 647//1
f 646//1 93//1 647//1
f 1310//1 1312//1 327//1
f 1310//1 1311//1 1312//1
f 1311//1 326//1 1312//1
f 965//1 967//1 89//1
f 965//1 1310//1 967//1
f 1310//1 327//1 967//1
f 1309//1 640//1 320//1
f 1309//1 648//1 640//1
f 648//1 94//1 640//1
f 1307//1 1309//1 320//1
f 1307//1 1308//1 1309//1
f 1308//1 328//1 1309//1
f 967//1 960//1 89//1
f 967//1 1307//1 960//1
f 1307//1 320//1 960//1
f 1306//1 963//1 323//1
f 1306//1 650//1 963//1
f 650//1 10//1 963//1
f 1304//1 1306//1 323//1
f 1304//1 1305//1 1306//1
f 1305//1 330//1 1306//1
f 649//1 643//1 91//1
f 649//1 1304//1 643//1
f 1304//1 323//1 643//1
f 1303//1 651//1 331//1
f 1303//1 641//1 651//1
f 641//1 94//1 651//1
f 1301//1 1303//1 331//1
f 1301//1 1302//1 1303//1
f 1302//1 321//1 1303//1
f 639//1 971//1 91//1
f 639//1 1301//1 971//1
f 1301//1 331//1 971//1
f 1300//1 653//1 333//1
f 1300//1 652//1 653//1
f 652//1 95//1 653//1
f 1298//1 1300//1 333//1
f 1298//1 1299//1 1300//1
f 1299//1 332//1 1300//1
f 971//1 973//1 91//1
f 971//1 1298//1 973//1
f 1298//1 333//1 973//1
f 1297//1 969//1 329//1
f 1297//1 974//1 969//1
f 974//1 9//1 969//1
f 1295//1 1297//1 329//1
f 1295//1 1296//1 1297//1
f 1296//1 334//1 1297//1
f 973//1 649//1 91//1
f 973//1 1295//1 649//1
f 1295//1 329//1 649//1
f 1294//1 646//1 326//1
f 1294//1 976//1 646//1
f 976//1 93//1 646//1
f 1292//1 1294//1 326//1
f 1292//1 1293//1 1294//1
f 1293//1 336//1 1294//1
f 975//1 966//1 92//1
f 975//1 1292//1 966//1
f 1292//1 326//1 966//1
f 1291//1 657//1 337//1
f 1291//1 457//1 657//1
f 457//1 96//1 657//1
f 1289//1 1291//1 337//1
f 1289//1 1290//1 1291//1
f 1290//1 137//1 1291//1
f 623//1 977//1 92//1
f 623//1 1289//1 977//1
f 1289//1 337//1 977//1
f 1288//1 659//1 339//1
f 1288//1 658//1 659//1
f 658//1 97//1 659//1
f 1286//1 1288//1 339//1
f 1286//1 1287//1 1288//1
f 1287//1 338//1 1288//1
f 977//1 979//1 92//1
f 977//1 1286//1 979//1
f 1286//1 339//1 979//1
f 1285//1 655//1 335//1
f 1285//1 660//1 655//1
f 660//1 98//1 655//1
f 1283//1 1285//1 335//1
f 1283//1 1284//1 1285//1
f 1284//1 340//1 1285//1
f 979//1 975//1 92//1
f 979//1 1283//1 975//1
f 1283//1 335//1 975//1
f 1282//1 652//1 332//1
f 1282//1 982//1 652//1
f 982//1 95//1 652//1
f 1280//1 1282//1 332//1
f 1280//1 1281//1 1282//1
f 1281//1 342//1 1282//1
f 981//1 972//1 94//1
f 981//1 1280//1 972//1
f 1280//1 332//1 972//1
f 1279//1 663//1 343//1
f 1279//1 656//1 663//1
f 656//1 98//1 663//1
f 1277//1 1279//1 343//1
f 1277//1 1278//1 1279//1
f 1278//1 336//1 1279//1
f 648//1 983//1 94//1
f 648//1 1277//1 983//1
f 1277//1 343//1 983//1
f 1276//1 665//1 345//1
f 1276//1 664//1 665//1
f 664//1 99//1 665//1
f 1274//1 1276//1 345//1
f 1274//1 1275//1 1276//1
f 1275//1 344//1 1276//1
f 983//1 985//1 94//1
f 983//1 1274//1 985//1
f 1274//1 345//1 985//1
f 1273//1 661//1 341//1
f 1273//1 666//1 661//1
f 666//1 100//1 661//1
f 1271//1 1273//1 341//1
f 1271//1 1272//1 1273//1
f 1272//1 346//1 1273//1
f 985//1 981//1 94//1
f 985//1 1271//1 981//1
f 1271//1 341//1 981//1
f 1270//1 658//1 338//1
f 1270//1 988//1 658//1
f 988//1 97//1 658//1
f 1268//1 1270//1 338//1
f 1268//1 1269//1 1270//1
f 1269//1 348//1 1270//1
f 987//1 978//1 96//1
f 987//1 1268//1 978//1
f 1268//1 338//1 978//1
f 1267//1 669//1 349//1
f 1267//1 662//1 669//1
f 662//1 100//1 669//1
f 1265//1 1267//1 349//1
f 1265//1 1266//1 1267//1
f 1266//1 342//1 1267//1
f 974//1 989//1 9//1
f 974//1 1265//1 989//1
f 1265//1 349//1 989//1
f 1264//1 991//1 351//1
f 1264//1 990//1 991//1
f 990//1 8//1 991//1
f 1262//1 1264//1 351//1
f 1262//1 1263//1 1264//1
f 1263//1 350//1 1264//1
f 989//1 671//1 9//1
f 989//1 1262//1 671//1
f 1262//1 351//1 671//1
f 1261//1 672//1 352//1
f 1261//1 624//1 672//1
f 624//1 101//1 672//1
f 1259//1 1261//1 352//1
f 1259//1 1260//1 1261//1
f 1260//1 304//1 1261//1
f 460//1 992//1 96//1
f 460//1 1259//1 992//1
f 1259//1 352//1 992//1
f 1258//1 674//1 354//1
f 1258//1 673//1 674//1
f 673//1 102//1 674//1
f 1256//1 1258//1 354//1
f 1256//1 1257//1 1258//1
f 1257//1 353//1 1258//1
f 992//1 994//1 96//1
f 992//1 1256//1 994//1
f 1256//1 354//1 994//1
f 1255//1 667//1 347//1
f 1255//1 675//1 667//1
f 675//1 103//1 667//1
f 1253//1 1255//1 347//1
f 1253//1 1254//1 1255//1
f 1254//1 355//1 1255//1
f 994//1 987//1 96//1
f 994//1 1253//1 987//1
f 1253//1 347//1 987//1
f 1252//1 664//1 344//1
f 1252//1 997//1 664//1
f 997//1 99//1 664//1
f 1250//1 1252//1 344//1
f 1250//1 1251//1 1252//1
f 1251//1 357//1 1252//1
f 996//1 984//1 98//1
f 996//1 1250//1 984//1
f 1250//1 344//1 984//1
f 1249//1 678//1 358//1
f 1249//1 668//1 678//1
f 668//1 103//1 678//1
f 1247//1 1249//1 358//1
f 1247//1 1248//1 1249//1
f 1248//1 348//1 1249//1
f 660//1 998//1 98//1
f 660//1 1247//1 998//1
f 1247//1 358//1 998//1
f 1246//1 680//1 360//1
f 1246//1 679//1 680//1
f 679//1 104//1 680//1
f 1244//1 1246//1 360//1
f 1244//1 1245//1 1246//1
f 1245//1 359//1 1246//1
f 998//1 1000//1 98//1
f 998//1 1244//1 1000//1
f 1244//1 360//1 1000//1
f 1243//1 676//1 356//1
f 1243//1 681//1 676//1
f 681//1 105//1 676//1
f 1241//1 1243//1 356//1
f 1241//1 1242//1 1243//1
f 1242//1 361//1 1243//1
f 1000//1 996//1 98//1
f 1000//1 1241//1 996//1
f 1241//1 356//1 996//1
f 1240//1 990//1 350//1
f 1240//1 683//1 990//1
f 683//1 8//1 990//1
f 1238//1 1240//1 350//1
f 1238//1 1239//1 1240//1
f 1239//1 363//1 1240//1
f 682//1 670//1 100//1
f 682//1 1238//1 670//1
f 1238//1 350//1 670//1
f 1237//1 684//1 364//1
f 1237//1 677//1 684//1
f 677//1 105//1 684//1
f 1235//1 1237//1 364//1
f 1235//1 1236//1 1237//1
f 1236//1 357//1 1237//1
f 666//1 1004//1 100//1
f 666//1 1235//1 1004//1
f 1235//1 364//1 1004//1
f 1234//1 686//1 366//1
f 1234//1 685//1 686//1
f 685//1 106//1 686//1
f 1232//1 1234//1 366//1
f 1232//1 1233//1 1234//1
f 1233//1 365//1 1234//1
f 1004//1 1006//1 100//1
f 1004//1 1232//1 1006//1
f 1232//1 366//1 1006//1
f 1231//1 1002//1 362//1
f 1231//1 1007//1 1002//1
f 1007//1 7//1 1002//1
f 1229//1 1231//1 362//1
f 1229//1 1230//1 1231//1
f 1230//1 367//1 1231//1
f 1006//1 682//1 100//1
f 1006//1 1229//1 682//1
f 1229//1 362//1 682//1
f 1228//1 673//1 353//1
f 1228//1 1009//1 673//1
f 1009//1 102//1 673//1
f 1226//1 1228//1 353//1
f 1226//1 1227//1 1228//1
f 1227//1 369//1 1228//1
f 1008//1 993//1 101//1
f 1008//1 1226//1 993//1
f 1226//1 353//1 993//1
f 1225//1 690//1 370//1
f 1225//1 452//1 690//1
f 452//1 107//1 690//1
f 1223//1 1225//1 370//1
f 1223//1 1224//1 1225//1
f 1224//1 132//1 1225//1
f 626//1 1010//1 101//1
f 626//1 1223//1 1010//1
f 1223//1 370//1 1010//1
f 1222//1 692//1 372//1
f 1222//1 691//1 692//1
f 691//1 108//1 692//1
f 1220//1 1222//1 372//1
f 1220//1 1221//1 1222//1
f 1221//1 371//1 1222//1
f 1010//1 1012//1 101//1
f 1010//1 1220//1 1012//1
f 1220//1 372//1 1012//1
f 1219//1 688//1 368//1
f 1219//1 693//1 688//1
f 693//1 109//1 688//1
f 1217//1 1219//1 368//1
f 1217//1 1218//1 1219//1
f 1218//1 373//1 1219//1
f 1012//1 1008//1 101//1
f 1012//1 1217//1 1008//1
f 1217//1 368//1 1008//1
f 1216//1 679//1 359//1
f 1216//1 1015//1 679//1
f 1015//1 104//1 679//1
f 1214//1 1216//1 359//1
f 1214//1 1215//1 1216//1
f 1215//1 375//1 1216//1
f 1014//1 999//1 103//1
f 1014//1 1214//1 999//1
f 1214//1 359//1 999//1
f 1213//1 696//1 376//1
f 1213//1 689//1 696//1
f 689//1 109//1 696//1
f 1211//1 1213//1 376//1
f 1211//1 1212//1 1213//1
f 1212//1 369//1 1213//1
f 675//1 1016//1 103//1
f 675//1 1211//1 1016//1
f 1211//1 376//1 1016//1
f 1210//1 698//1 378//1
f 1210//1 697//1 698//1
f 697//1 110//1 698//1
f 1208//1 1210//1 378//1
f 1208//1 1209//1 1210//1
f 1209//1 377//1 1210//1
f 1016//1 1018//1 103//1
f 1016//1 1208//1 1018//1
f 1208//1 378//1 1018//1
f 1207//1 694//1 374//1
f 1207//1 699//1 694//1
f 699//1 111//1 694//1
f 1205//1 1207//1 374//1
f 1205//1 1206//1 1207//1
f 1206//1 379//1 1207//1
f 1018//1 1014//1 103//1
f 1018//1 1205//1 1014//1
f 1205//1 374//1 1014//1
f 1204//1 685//1 365//1
f 1204//1 1021//1 685//1
f 1021//1 106//1 685//1
f 1202//1 1204//1 365//1
f 1202//1 1203//1 1204//1
f 1203//1 381//1 1204//1
f 1020//1 1005//1 105//1
f 1020//1 1202//1 1005//1
f 1202//1 365//1 1005//1
f 1201//1 702//1 382//1
f 1201//1 695//1 702//1
f 695//1 111//1 702//1
f 1199//1 1201//1 382//1
f 1199//1 1200//1 1201//1
f 1200//1 375//1 1201//1
f 681//1 1022//1 105//1
f 681//1 1199//1 1022//1
f 1199//1 382//1 1022//1
f 1198//1 704//1 384//1
f 1198//1 703//1 704//1
f 703//1 112//1 704//1
f 1196//1 1198//1 384//1
f 1196//1 1197//1 1198//1
f 1197//1 383//1 1198//1
f 1022//1 1024//1 105//1
f 1022//1 1196//1 1024//1
f 1196//1 384//1 1024//1
f 1195//1 700//1 380//1
f 1195//1 705//1 700//1
f 705//1 113//1 700//1
f 1193//1 1195//1 380//1
f 1193//1 1194//1 1195//1
f 1194//1 385//1 1195//1
f 1024//1 1020//1 105//1
f 1024//1 1193//1 1020//1
f 1193//1 380//1 1020//1
f 1192//1 691//1 371//1
f 1192//1 1027//1 691//1
f 1027//1 108//1 691//1
f 1190//1 1192//1 371//1
f 1190//1 1191//1 1192//1
f 1191//1 387//1 1192//1
f 1026//1 1011//1 107//1
f 1026//1 1190//1 1011//1
f 1190//1 371//1 1011//1
f 1189//1 708//1 388//1
f 1189//1 701//1 708//1
f 701//1 113//1 708//1
f 1187//1 1189//1 388//1
f 1187//1 1188//1 1189//1
f 1188//1 381//1 1189//1
f 1007//1 1028//1 7//1
f 1007//1 1187//1 1028//1
f 1187//1 388//1 1028//1
f 1186//1 1030//1 390//1
f 1186//1 1029//1 1030//1
f 1029//1 6//1 1030//1
f 1184//1 1186//1 390//1
f 1184//1 1185//1 1186//1
f 1185//1 389//1 1186//1
f 1028//1 710//1 7//1
f 1028//1 1184//1 710//1
f 1184//1 390//1 710//1
f 1183//1 711//1 391//1
f 1183//1 627//1 711//1
f 627//1 114//1 711//1
f 1181//1 1183//1 391//1
f 1181//1 1182//1 1183//1
f 1182//1 307//1 1183//1
f 455//1 1031//1 107//1
f 455//1 1181//1 1031//1
f 1181//1 391//1 1031//1
f 1180//1 713//1 393//1
f 1180//1 712//1 713//1
f 712//1 115//1 713//1
f 1178//1 1180//1 393//1
f 1178//1 1179//1 1180//1
f 1179//1 392//1 1180//1
f 1031//1 1033//1 107//1
f 1031//1 1178//1 1033//1
f 1178//1 393//1 1033//1
f 1177//1 706//1 386//1
f 1177//1 714//1 706//1
f 714//1 116//1 706//1
f 1175//1 1177//1 386//1
f 1175//1 1176//1 1177//1
f 1176//1 394//1 1177//1
f 1033//1 1026//1 107//1
f 1033//1 1175//1 1026//1
f 1175//1 386//1 1026//1
f 1174//1 697//1 377//1
f 1174//1 1036//1 697//1
f 1036//1 110//1 697//1
f 1172//1 1174//1 377//1
f 1172//1 1173//1 1174//1
f 1173//1 396//1 1174//1
f 1035//1 1017//1 109//1
f 1035//1 1172//1 1017//1
f 1172//1 377//1 1017//1
f 1171//1 717//1 397//1
f 1171//1 707//1 717//1
f 707//1 116//1 717//1
f 1169//1 1171//1 397//1
f 1169//1 1170//1 1171//1
f 1170//1 387//1 1171//1
f 693//1 1037//1 109//1
f 693//1 1169//1 1037//1
f 1169//1 397//1 1037//1
f 1168//1 719//1 399//1
f 1168//1 718//1 719//1
f 718//1 117//1 719//1
f 1166//1 1168//1 399//1
f 1166//1 1167//1 1168//1
f 1167//1 398//1 1168//1
f 1037//1 1039//1 109//1
f 1037//1 1166//1 1039//1
f 1166//1 399//1 1039//1
f 1165//1 715//1 395//1
f 1165//1 720//1 715//1
f 720//1 118//1 715//1
f 1163//1 1165//1 395//1
f 1163//1 1164//1 1165//1
f 1164//1 400//1 1165//1
f 1039//1 1035//1 109//1
f 1039//1 1163//1 1035//1
f 1163//1 395//1 1035//1
f 1162//1 703//1 383//1
f 1162//1 1042//1 703//1
f 1042//1 112//1 703//1
f 1160//1 1162//1 383//1
f 1160//1 1161//1 1162//1
f 1161//1 402//1 1162//1
f 1041//1 1023//1 111//1
f 1041//1 1160//1 1023//1
f 1160//1 383//1 1023//1
f 1159//1 723//1 403//1
f 1159//1 716//1 723//1
f 716//1 118//1 723//1
f 1157//1 1159//1 403//1
f 1157//1 1158//1 1159//1
f 1158//1 396//1 1159//1
f 699//1 1043//1 111//1
f 699//1 1157//1 1043//1
f 1157//1 403//1 1043//1
f 1156//1 725//1 405//1
f 1156//1 724//1 725//1
f 724//1 119//1 725//1
f 1154//1 1156//1 405//1
f 1154//1 1155//1 1156//1
f 1155//1 404//1 1156//1
f 1043//1 1045//1 111//1
f 1043//1 1154//1 1045//1
f 1154//1 405//1 1045//1
f 1153//1 721//1 401//1
f 1153//1 726//1 721//1
f 726//1 120//1 721//1
f 1151//1 1153//1 401//1
f 1151//1 1152//1 1153//1
f 1152//1 406//1 1153//1
f 1045//1 1041//1 111//1
f 1045//1 1151//1 1041//1
f 1151//1 401//1 1041//1
f 1150//1 1029//1 389//1
f 1150//1 728//1 1029//1
f 728//1 6//1 1029//1
f 1148//1 1150//1 389//1
f 1148//1 1149//1 1150//1
f 1149//1 408//1 1150//1
f 727//1 709//1 113//1
f 727//1 1148//1 709//1
f 1148//1 389//1 709//1
f 1147//1 729//1 409//1
f 1147//1 722//1 729//1
f 722//1 120//1 729//1
f 1145//1 1147//1 409//1
f 1145//1 1146//1 1147//1
f 1146//1 402//1 1147//1
f 705//1 1049//1 113//1
f 705//1 1145//1 1049//1
f 1145//1 409//1 1049//1
f 1144//1 731//1 411//1
f 1144//1 730//1 731//1
f 730//1 121//1 731//1
f 1142//1 1144//1 411//1
f 1142//1 1143//1 1144//1
f 1143//1 410//1 1144//1
f 1049//1 1051//1 113//1
f 1049//1 1142//1 1051//1
f 1142//1 411//1 1051//1
f 1141//1 1047//1 407//1
f 1141//1 1052//1 1047//1
f 1052//1 5//1 1047//1
f 1139//1 1141//1 407//1
f 1139//1 1140//1 1141//1
f 1140//1 412//1 1141//1
f 1051//1 727//1 113//1
f 1051//1 1139//1 727//1
f 1139//1 407//1 727//1
f 1138//1 712//1 392//1
f 1138//1 734//1 712//1
f 734//1 115//1 712//1
f 1136//1 1138//1 392//1
f 1136//1 1137//1 1138//1
f 1137//1 414//1 1138//1
f 733//1 1032//1 114//1
f 733//1 1136//1 1032//1
f 1136//1 392//1 1032//1
f 1135//1 1055//1 415//1
f 1135//1 936//1 1055//1
f 936//1 14//1 1055//1
f 1133//1 1135//1 415//1
f 1133//1 1134//1 1135//1
f 1134//1 296//1 1135//1
f 444//1 735//1 114//1
f 444//1 1133//1 735//1
f 1133//1 415//1 735//1
f 1132//1 1057//1 417//1
f 1132//1 736//1 1057//1
f 736//1 15//1 1057//1
f 1130//1 1132//1 417//1
f 1130//1 1131//1 1132//1
f 1131//1 416//1 1132//1
f 735//1 737//1 114//1
f 735//1 1130//1 737//1
f 1130//1 417//1 737//1
f 1129//1 1053//1 413//1
f 1129//1 738//1 1053//1
f 738//1 16//1 1053//1
f 1127//1 1129//1 413//1
f 1127//1 1128//1 1129//1
f 1128//1 418//1 1129//1
f 737//1 733//1 114//1
f 737//1 1127//1 733//1
f 1127//1 413//1 733//1
f 1126//1 718//1 398//1
f 1126//1 740//1 718//1
f 740//1 117//1 718//1
f 1124//1 1126//1 398//1
f 1124//1 1125//1 1126//1
f 1125//1 420//1 1126//1
f 739//1 1038//1 116//1
f 739//1 1124//1 1038//1
f 1124//1 398//1 1038//1
f 1123//1 1061//1 421//1
f 1123//1 1054//1 1061//1
f 1054//1 16//1 1061//1
f 1121//1 1123//1 421//1
f 1121//1 1122//1 1123//1
f 1122//1 414//1 1123//1
f 714//1 741//1 116//1
f 714//1 1121//1 741//1
f 1121//1 421//1 741//1
f 1120//1 1063//1 423//1
f 1120//1 742//1 1063//1
f 742//1 17//1 1063//1
f 1118//1 1120//1 423//1
f 1118//1 1119//1 1120//1
f 1119//1 422//1 1120//1
f 741//1 743//1 116//1
f 741//1 1118//1 743//1
f 1118//1 423//1 743//1
f 1117//1 1059//1 419//1
f 1117//1 744//1 1059//1
f 744//1 18//1 1059//1
f 1115//1 1117//1 419//1
f 1115//1 1116//1 1117//1
f 1116//1 424//1 1117//1
f 743//1 739//1 116//1
f 743//1 1115//1 739//1
f 1115//1 419//1 739//1
f 1114//1 724//1 404//1
f 1114//1 746//1 724//1
f 746//1 119//1 724//1
f 1112//1 1114//1 404//1
f 1112//1 1113//1 1114//1
f 1113//1 426//1 1114//1
f 745//1 1044//1 118//1
f 745//1 1112//1 1044//1
f 1112//1 404//1 1044//1
f 1111//1 1067//1 427//1
f 1111//1 1060//1 1067//1
f 1060//1 18//1 1067//1
f 1109//1 1111//1 427//1
f 1109//1 1110//1 1111//1
f 1110//1 420//1 1111//1
f 720//1 747//1 118//1
f 720//1 1109//1 747//1
f 1109//1 427//1 747//1
f 1108//1 1069//1 429//1
f 1108//1 748//1 1069//1
f 748//1 19//1 1069//1
f 1106//1 1108//1 429//1
f 1106//1 1107//1 1108//1
f 1107//1 428//1 1108//1
f 747//1 749//1 118//1
f 747//1 1106//1 749//1
f 1106//1 429//1 749//1
f 1105//1 1065//1 425//1
f 1105//1 750//1 1065//1
f 750//1 20//1 1065//1
f 1103//1 1105//1 425//1
f 1103//1 1104//1 1105//1
f 1104//1 430//1 1105//1
f 749//1 745//1 118//1
f 749//1 1103//1 745//1
f 1103//1 425//1 745//1
f 1102//1 730//1 410//1
f 1102//1 752//1 730//1
f 752//1 121//1 730//1
f 1100//1 1102//1 410//1
f 1100//1 1101//1 1102//1
f 1101//1 432//1 1102//1
f 751//1 1050//1 120//1
f 751//1 1100//1 1050//1
f 1100//1 410//1 1050//1
f 1099//1 1073//1 433//1
f 1099//1 1066//1 1073//1
f 1066//1 20//1 1073//1
f 1097//1 1099//1 433//1
f 1097//1 1098//1 1099//1
f 1098//1 426//1 1099//1
f 726//1 753//1 120//1
f 726//1 1097//1 753//1
f 1097//1 433//1 753//1
f 1096//1 1075//1 435//1
f 1096//1 754//1 1075//1
f 754//1 21//1 1075//1
f 1094//1 1096//1 435//1
f 1094//1 1095//1 1096//1
f 1095//1 434//1 1096//1
f 753//1 755//1 120//1
f 753//1 1094//1 755//1
f 1094//1 435//1 755//1
f 1093//1 1071//1 431//1
f 1093//1 756//1 1071//1
f 756//1 22//1 1071//1
f 1091//1 1093//1 431//1
f 1091//1 1092//1 1093//1
f 1092//1 436//1 1093//1
f 755//1 751//1 120//1
f 755//1 1091//1 751//1
f 1091//1 431//1 751//1
f 1090//1 757//1 437//1
f 1090//1 1072//1 757//1
f 1072//1 22//1 757//1
f 1088//1 1090//1 437//1
f 1088//1 1089//1 1090//1
f 1089//1 432//1 1090//1
f 1052//1 1077//1 5//1
f 1052//1 1088//1 1077//1
f 1088//1 437//1 1077//1
f 1087//1 1079//1 439//1
f 1087//1 1078//1 1079//1
f 1078//1 2//1 1079//1
f 1085//1 1087//1 439//1
f 1085//1 1086//1 1087//1
f 1086//1 438//1 1087//1
f 1077//1 759//1 5//1
f 1077//1 1085//1 759//1
f 1085//1 439//1 759//1
f 1084//1 1081//1 441//1
f 1084//1 1080//1 1081//1
f 1080//1 3//1 1081//1
f 1082//1 1084//1 441//1
f 1082//1 1083//1 1084//1
f 1083//1 440//1 1084//1
f 447//1 761//1 32//1
f 447//1 1082//1 761//1
f 1082//1 441//1 761//1
f 767//1 1083//1 127//1
f 767//1 760//1 1083//1
f 760//1 440//1 1083//1
f 757//1 1086//1 437//1
f 757//1 758//1 1086//1
f 758//1 438//1 1086//1
f 732//1 1089//1 412//1
f 732//1 752//1 1089//1
f 752//1 432//1 1089//1
f 1075//1 1092//1 435//1
f 1075//1 1076//1 1092//1
f 1076//1 436//1 1092//1
f 1073//1 1095//1 433//1
f 1073//1 1074//1 1095//1
f 1074//1 434//1 1095//1
f 1046//1 1098//1 406//1
f 1046//1 746//1 1098//1
f 746//1 426//1 1098//1
f 1071//1 1101//1 431//1
f 1071//1 1072//1 1101//1
f 1072//1 432//1 1101//1
f 1069//1 1104//1 429//1
f 1069//1 1070//1 1104//1
f 1070//1 430//1 1104//1
f 1067//1 1107//1 427//1
f 1067//1 1068//1 1107//1
f 1068//1 428//1 1107//1
f 1040//1 1110//1 400//1
f 1040//1 740//1 1110//1
f 740//1 420//1 1110//1
f 1065//1 1113//1 425//1
f 1065//1 1066//1 1113//1
f 1066//1 426//1 1113//1
f 1063//1 1116//1 423//1
f 1063//1 1064//1 1116//1
f 1064//1 424//1 1116//1
f 1061//1 1119//1 421//1
f 1061//1 1062//1 1119//1
f 1062//1 422//1 1119//1
f 1034//1 1122//1 394//1
f 1034//1 734//1 1122//1
f 734//1 414//1 1122//1
f 1059//1 1125//1 419//1
f 1059//1 1060//1 1125//1
f 1060//1 420//1 1125//1
f 1057//1 1128//1 417//1
f 1057//1 1058//1 1128//1
f 1058//1 418//1 1128//1
f 1055//1 1131//1 415//1
f 1055//1 1056//1 1131//1
f 1056//1 416//1 1131//1
f 764//1 1134//1 124//1
f 764//1 616//1 1134//1
f 616//1 296//1 1134//1
f 1053//1 1137//1 413//1
f 1053//1 1054//1 1137//1
f 1054//1 414//1 1137//1
f 731//1 1140//1 411//1
f 731//1 732//1 1140//1
f 732//1 412//1 1140//1
f 729//1 1143//1 409//1
f 729//1 1050//1 1143//1
f 1050//1 410//1 1143//1
f 1025//1 1146//1 385//1
f 1025//1 1042//1 1146//1
f 1042//1 402//1 1146//1
f 1047//1 1149//1 407//1
f 1047//1 1048//1 1149//1
f 1048//1 408//1 1149//1
f 725//1 1152//1 405//1
f 725//1 1046//1 1152//1
f 1046//1 406//1 1152//1
f 723//1 1155//1 403//1
f 723//1 1044//1 1155//1
f 1044//1 404//1 1155//1
f 1019//1 1158//1 379//1
f 1019//1 1036//1 1158//1
f 1036//1 396//1 1158//1
f 721//1 1161//1 401//1
f 721//1 722//1 1161//1
f 722//1 402//1 1161//1
f 719//1 1164//1 399//1
f 719//1 1040//1 1164//1
f 1040//1 400//1 1164//1
f 717//1 1167//1 397//1
f 717//1 1038//1 1167//1
f 1038//1 398//1 1167//1
f 1013//1 1170//1 373//1
f 1013//1 1027//1 1170//1
f 1027//1 387//1 1170//1
f 715//1 1173//1 395//1
f 715//1 716//1 1173//1
f 716//1 396//1 1173//1
f 713//1 1176//1 393//1
f 713//1 1034//1 1176//1
f 1034//1 394//1 1176//1
f 711//1 1179//1 391//1
f 711//1 1032//1 1179//1
f 1032//1 392//1 1179//1
f 775//1 1182//1 135//1
f 775//1 947//1 1182//1
f 947//1 307//1 1182//1
f 708//1 1185//1 388//1
f 708//1 709//1 1185//1
f 709//1 389//1 1185//1
f 687//1 1188//1 367//1
f 687//1 1021//1 1188//1
f 1021//1 381//1 1188//1
f 706//1 1191//1 386//1
f 706//1 707//1 1191//1
f 707//1 387//1 1191//1
f 704//1 1194//1 384//1
f 704//1 1025//1 1194//1
f 1025//1 385//1 1194//1
f 702//1 1197//1 382//1
f 702//1 1023//1 1197//1
f 1023//1 383//1 1197//1
f 1001//1 1200//1 361//1
f 1001//1 1015//1 1200//1
f 1015//1 375//1 1200//1
f 700//1 1203//1 380//1
f 700//1 701//1 1203//1
f 701//1 381//1 1203//1
f 698//1 1206//1 378//1
f 698//1 1019//1 1206//1
f 1019//1 379//1 1206//1
f 696//1 1209//1 376//1
f 696//1 1017//1 1209//1
f 1017//1 377//1 1209//1
f 995//1 1212//1 355//1
f 995//1 1009//1 1212//1
f 1009//1 369//1 1212//1
f 694//1 1215//1 374//1
f 694//1 695//1 1215//1
f 695//1 375//1 1215//1
f 692//1 1218//1 372//1
f 692//1 1013//1 1218//1
f 1013//1 373//1 1218//1
f 690//1 1221//1 370//1
f 690//1 1011//1 1221//1
f 1011//1 371//1 1221//1
f 946//1 1224//1 306//1
f 946//1 772//1 1224//1
f 772//1 132//1 1224//1
f 688//1 1227//1 368//1
f 688//1 689//1 1227//1
f 689//1 369//1 1227//1
f 686//1 1230//1 366//1
f 686//1 687//1 1230//1
f 687//1 367//1 1230//1
f 684//1 1233//1 364//1
f 684//1 1005//1 1233//1
f 1005//1 365//1 1233//1
f 986//1 1236//1 346//1
f 986//1 997//1 1236//1
f 997//1 357//1 1236//1
f 1002//1 1239//1 362//1
f 1002//1 1003//1 1239//1
f 1003//1 363//1 1239//1
f 680//1 1242//1 360//1
f 680//1 1001//1 1242//1
f 1001//1 361//1 1242//1
f 678//1 1245//1 358//1
f 678//1 999//1 1245//1
f 999//1 359//1 1245//1
f 980//1 1248//1 340//1
f 980//1 988//1 1248//1
f 988//1 348//1 1248//1
f 676//1 1251//1 356//1
f 676//1 677//1 1251//1
f 677//1 357//1 1251//1
f 674//1 1254//1 354//1
f 674//1 995//1 1254//1
f 995//1 355//1 1254//1
f 672//1 1257//1 352//1
f 672//1 993//1 1257//1
f 993//1 353//1 1257//1
f 780//1 1260//1 140//1
f 780//1 944//1 1260//1
f 944//1 304//1 1260//1
f 669//1 1263//1 349//1
f 669//1 670//1 1263//1
f 670//1 350//1 1263//1
f 654//1 1266//1 334//1
f 654//1 982//1 1266//1
f 982//1 342//1 1266//1
f 667//1 1269//1 347//1
f 667//1 668//1 1269//1
f 668//1 348//1 1269//1
f 665//1 1272//1 345//1
f 665//1 986//1 1272//1
f 986//1 346//1 1272//1
f 663//1 1275//1 343//1
f 663//1 984//1 1275//1
f 984//1 344//1 1275//1
f 968//1 1278//1 328//1
f 968//1 976//1 1278//1
f 976//1 336//1 1278//1
f 661//1 1281//1 341//1
f 661//1 662//1 1281//1
f 662//1 342//1 1281//1
f 659//1 1284//1 339//1
f 659//1 980//1 1284//1
f 980//1 340//1 1284//1
f 657//1 1287//1 337//1
f 657//1 978//1 1287//1
f 978//1 338//1 1287//1
f 943//1 1290//1 303//1
f 943//1 777//1 1290//1
f 777//1 137//1 1290//1
f 655//1 1293//1 335//1
f 655//1 656//1 1293//1
f 656//1 336//1 1293//1
f 653//1 1296//1 333//1
f 653//1 654//1 1296//1
f 654//1 334//1 1296//1
f 651//1 1299//1 331//1
f 651//1 972//1 1299//1
f 972//1 332//1 1299//1
f 959//1 1302//1 319//1
f 959//1 961//1 1302//1
f 961//1 321//1 1302//1
f 969//1 1305//1 329//1
f 969//1 970//1 1305//1
f 970//1 330//1 1305//1
f 647//1 1308//1 327//1
f 647//1 968//1 1308//1
f 968//1 328//1 1308//1
f 645//1 1311//1 325//1
f 645//1 966//1 1311//1
f 966//1 326//1 1311//1
f 785//1 1314//1 145//1
f 785//1 941//1 1314//1
f 941//1 301//1 1314//1
f 642//1 1317//1 322//1
f 642//1 643//1 1317//1
f 643//1 323//1 1317//1
f 633//1 1320//1 313//1
f 633//1 955//1 1320//1
f 955//1 315//1 1320//1
f 640//1 1323//1 320//1
f 640//1 641//1 1323//1
f 641//1 321//1 1323//1
f 638//1 1326//1 318//1
f 638//1 959//1 1326//1
f 959//1 319//1 1326//1
f 636//1 1329//1 316//1
f 636//1 957//1 1329//1
f 957//1 317//1 1329//1
f 940//1 1332//1 300//1
f 940//1 782//1 1332//1
f 782//1 142//1 1332//1
f 634//1 1335//1 314//1
f 634//1 635//1 1335//1
f 635//1 315//1 1335//1
f 632//1 1338//1 312//1
f 632//1 633//1 1338//1
f 633//1 313//1 1338//1
f 630//1 1341//1 310//1
f 630//1 951//1 1341//1
f 951//1 311//1 1341//1
f 790//1 1344//1 150//1
f 790//1 938//1 1344//1
f 938//1 298//1 1344//1
f 628//1 1347//1 308//1
f 628//1 612//1 1347//1
f 612//1 292//1 1347//1
f 446//1 1350//1 126//1
f 446//1 787//1 1350//1
f 787//1 147//1 1350//1
f 947//1 1353//1 307//1
f 947//1 795//1 1353//1
f 795//1 155//1 1353//1
f 945//1 1356//1 305//1
f 945//1 483//1 1356//1
f 483//1 163//1 1356//1
f 944//1 1359//1 304//1
f 944//1 813//1 1359//1
f 813//1 173//1 1359//1
f 942//1 1362//1 302//1
f 942//1 506//1 1362//1
f 506//1 186//1 1362//1
f 941//1 1365//1 301//1
f 941//1 842//1 1365//1
f 842//1 202//1 1365//1
f 939//1 1368//1 299//1
f 939//1 541//1 1368//1
f 541//1 221//1 1368//1
f 938//1 1371//1 298//1
f 938//1 883//1 1371//1
f 883//1 243//1 1371//1
f 800//1 1374//1 160//1
f 800//1 617//1 1374//1
f 617//1 297//1 1374//1
f 770//1 1377//1 130//1
f 770//1 936//1 1377//1
f 936//1 296//1 1377//1
f 933//1 1380//1 293//1
f 933//1 614//1 1380//1
f 614//1 294//1 1380//1
f 585//1 1383//1 265//1
f 585//1 605//1 1383//1
f 605//1 285//1 1383//1
f 930//1 1386//1 290//1
f 930//1 931//1 1386//1
f 931//1 291//1 1386//1
f 928//1 1389//1 288//1
f 928//1 929//1 1389//1
f 929//1 289//1 1389//1
f 926//1 1392//1 286//1
f 926//1 927//1 1392//1
f 927//1 287//1 1392//1
f 899//1 1395//1 259//1
f 899//1 599//1 1395//1
f 599//1 279//1 1395//1
f 924//1 1398//1 284//1
f 924//1 925//1 1398//1
f 925//1 285//1 1398//1
f 922//1 1401//1 282//1
f 922//1 923//1 1401//1
f 923//1 283//1 1401//1
f 920//1 1404//1 280//1
f 920//1 921//1 1404//1
f 921//1 281//1 1404//1
f 893//1 1407//1 253//1
f 893//1 593//1 1407//1
f 593//1 273//1 1407//1
f 918//1 1410//1 278//1
f 918//1 919//1 1410//1
f 919//1 279//1 1410//1
f 916//1 1413//1 276//1
f 916//1 917//1 1413//1
f 917//1 277//1 1413//1
f 914//1 1416//1 274//1
f 914//1 915//1 1416//1
f 915//1 275//1 1416//1
f 887//1 1419//1 247//1
f 887//1 587//1 1419//1
f 587//1 267//1 1419//1
f 912//1 1422//1 272//1
f 912//1 913//1 1422//1
f 913//1 273//1 1422//1
f 910//1 1425//1 270//1
f 910//1 911//1 1425//1
f 911//1 271//1 1425//1
f 908//1 1428//1 268//1
f 908//1 909//1 1428//1
f 909//1 269//1 1428//1
f 788//1 1431//1 148//1
f 788//1 765//1 1431//1
f 765//1 125//1 1431//1
f 906//1 1434//1 266//1
f 906//1 907//1 1434//1
f 907//1 267//1 1434//1
f 584//1 1437//1 264//1
f 584//1 585//1 1437//1
f 585//1 265//1 1437//1
f 582//1 1440//1 262//1
f 582//1 903//1 1440//1
f 903//1 263//1 1440//1
f 877//1 1443//1 237//1
f 877//1 895//1 1443//1
f 895//1 255//1 1443//1
f 900//1 1446//1 260//1
f 900//1 581//1 1446//1
f 581//1 261//1 1446//1
f 578//1 1449//1 258//1
f 578//1 899//1 1449//1
f 899//1 259//1 1449//1
f 576//1 1452//1 256//1
f 576//1 897//1 1452//1
f 897//1 257//1 1452//1
f 871//1 1455//1 231//1
f 871//1 889//1 1455//1
f 889//1 249//1 1455//1
f 574//1 1458//1 254//1
f 574//1 575//1 1458//1
f 575//1 255//1 1458//1
f 572//1 1461//1 252//1
f 572//1 893//1 1461//1
f 893//1 253//1 1461//1
f 570//1 1464//1 250//1
f 570//1 891//1 1464//1
f 891//1 251//1 1464//1
f 865//1 1467//1 225//1
f 865//1 879//1 1467//1
f 879//1 239//1 1467//1
f 568//1 1470//1 248//1
f 568//1 569//1 1470//1
f 569//1 249//1 1470//1
f 566//1 1473//1 246//1
f 566//1 887//1 1473//1
f 887//1 247//1 1473//1
f 564//1 1476//1 244//1
f 564//1 885//1 1476//1
f 885//1 245//1 1476//1
f 883//1 1479//1 243//1
f 883//1 789//1 1479//1
f 789//1 149//1 1479//1
f 560//1 1482//1 240//1
f 560//1 561//1 1482//1
f 561//1 241//1 1482//1
f 538//1 1485//1 218//1
f 538//1 873//1 1485//1
f 873//1 233//1 1485//1
f 558//1 1488//1 238//1
f 558//1 559//1 1488//1
f 559//1 239//1 1488//1
f 556//1 1491//1 236//1
f 556//1 877//1 1491//1
f 877//1 237//1 1491//1
f 554//1 1494//1 234//1
f 554//1 875//1 1494//1
f 875//1 235//1 1494//1
f 852//1 1497//1 212//1
f 852//1 867//1 1497//1
f 867//1 227//1 1497//1
f 552//1 1500//1 232//1
f 552//1 553//1 1500//1
f 553//1 233//1 1500//1
f 550//1 1503//1 230//1
f 550//1 871//1 1503//1
f 871//1 231//1 1503//1
f 548//1 1506//1 228//1
f 548//1 869//1 1506//1
f 869//1 229//1 1506//1
f 846//1 1509//1 206//1
f 846//1 860//1 1509//1
f 860//1 220//1 1509//1
f 546//1 1512//1 226//1
f 546//1 547//1 1512//1
f 547//1 227//1 1512//1
f 544//1 1515//1 224//1
f 544//1 865//1 1515//1
f 865//1 225//1 1515//1
f 542//1 1518//1 222//1
f 542//1 863//1 1518//1
f 863//1 223//1 1518//1
f 783//1 1521//1 143//1
f 783//1 861//1 1521//1
f 861//1 221//1 1521//1
f 539//1 1524//1 219//1
f 539//1 540//1 1524//1
f 540//1 220//1 1524//1
f 537//1 1527//1 217//1
f 537//1 538//1 1527//1
f 538//1 218//1 1527//1
f 535//1 1530//1 215//1
f 535//1 856//1 1530//1
f 856//1 216//1 1530//1
f 836//1 1533//1 196//1
f 836//1 848//1 1533//1
f 848//1 208//1 1533//1
f 853//1 1536//1 213//1
f 853//1 534//1 1536//1
f 534//1 214//1 1536//1
f 531//1 1539//1 211//1
f 531//1 852//1 1539//1
f 852//1 212//1 1539//1
f 529//1 1542//1 209//1
f 529//1 850//1 1542//1
f 850//1 210//1 1542//1
f 830//1 1545//1 190//1
f 830//1 838//1 1545//1
f 838//1 198//1 1545//1
f 527//1 1548//1 207//1
f 527//1 528//1 1548//1
f 528//1 208//1 1548//1
f 525//1 1551//1 205//1
f 525//1 846//1 1551//1
f 846//1 206//1 1551//1
f 523//1 1554//1 203//1
f 523//1 844//1 1554//1
f 844//1 204//1 1554//1
f 842//1 1557//1 202//1
f 842//1 784//1 1557//1
f 784//1 144//1 1557//1
f 519//1 1560//1 199//1
f 519//1 520//1 1560//1
f 520//1 200//1 1560//1
f 503//1 1563//1 183//1
f 503//1 832//1 1563//1
f 832//1 192//1 1563//1
f 517//1 1566//1 197//1
f 517//1 518//1 1566//1
f 518//1 198//1 1566//1
f 515//1 1569//1 195//1
f 515//1 836//1 1569//1
f 836//1 196//1 1569//1
f 513//1 1572//1 193//1
f 513//1 834//1 1572//1
f 834//1 194//1 1572//1
f 817//1 1575//1 177//1
f 817//1 825//1 1575//1
f 825//1 185//1 1575//1
f 511//1 1578//1 191//1
f 511//1 512//1 1578//1
f 512//1 192//1 1578//1
f 509//1 1581//1 189//1
f 509//1 830//1 1581//1
f 830//1 190//1 1581//1
f 507//1 1584//1 187//1
f 507//1 828//1 1584//1
f 828//1 188//1 1584//1
f 778//1 1587//1 138//1
f 778//1 826//1 1587//1
f 826//1 186//1 1587//1
f 504//1 1590//1 184//1
f 504//1 505//1 1590//1
f 505//1 185//1 1590//1
f 502//1 1593//1 182//1
f 502//1 503//1 1593//1
f 503//1 183//1 1593//1
f 500//1 1596//1 180//1
f 500//1 821//1 1596//1
f 821//1 181//1 1596//1
f 807//1 1599//1 167//1
f 807//1 809//1 1599//1
f 809//1 169//1 1599//1
f 818//1 1602//1 178//1
f 818//1 499//1 1602//1
f 499//1 179//1 1602//1
f 496//1 1605//1 176//1
f 496//1 817//1 1605//1
f 817//1 177//1 1605//1
f 494//1 1608//1 174//1
f 494//1 815//1 1608//1
f 815//1 175//1 1608//1
f 813//1 1611//1 173//1
f 813//1 779//1 1611//1
f 779//1 139//1 1611//1
f 490//1 1614//1 170//1
f 490//1 491//1 1614//1
f 491//1 171//1 1614//1
f 479//1 1617//1 159//1
f 479//1 802//1 1617//1
f 802//1 162//1 1617//1
f 488//1 1620//1 168//1
f 488//1 489//1 1620//1
f 489//1 169//1 1620//1
f 486//1 1623//1 166//1
f 486//1 807//1 1623//1
f 807//1 167//1 1623//1
f 484//1 1626//1 164//1
f 484//1 805//1 1626//1
f 805//1 165//1 1626//1
f 773//1 1629//1 133//1
f 773//1 803//1 1629//1
f 803//1 163//1 1629//1
f 481//1 1632//1 161//1
f 481//1 482//1 1632//1
f 482//1 162//1 1632//1
f 478//1 1635//1 158//1
f 478//1 479//1 1635//1
f 479//1 159//1 1635//1
f 476//1 1638//1 156//1
f 476//1 797//1 1638//1
f 797//1 157//1 1638//1
f 795//1 1641//1 155//1
f 795//1 774//1 1641//1
f 774//1 134//1 1641//1
f 472//1 1644//1 152//1
f 472//1 473//1 1644//1
f 473//1 153//1 1644//1
f 791//1 1647//1 151//1
f 791//1 763//1 1647//1
f 763//1 123//1 1647//1
f 789//1 1650//1 149//1
f 789//1 790//1 1650//1
f 790//1 150//1 1650//1
f 466//1 1653//1 146//1
f 466//1 467//1 1653//1
f 467//1 147//1 1653//1
f 784//1 1656//1 144//1
f 784//1 785//1 1656//1
f 785//1 145//1 1656//1
f 461//1 1659//1 141//1
f 461//1 462//1 1659//1
f 462//1 142//1 1659//1
f 779//1 1662//1 139//1
f 779//1 780//1 1662//1
f 780//1 140//1 1662//1
f 456//1 1665//1 136//1
f 456//1 457//1 1665//1
f 457//1 137//1 1665//1
f 774//1 1668//1 134//1
f 774//1 775//1 1668//1
f 775//1 135//1 1668//1
f 451//1 1671//1 131//1
f 451//1 452//1 1671//1
f 452//1 132//1 1671//1
f 768//1 1674//1 128//1
f 768//1 769//1 1674//1
f 769//1 129//1 1674//1
f 765//1 1677//1 125//1
f 765//1 446//1 1677//1
f 446//1 126//1 1677//1
f 762//1 1680//1 122//1
f 762//1 443//1 1680//1
f 443//1 123//1 1680//1
